Time [s],Intensity A,Laser On,AcX,AcY,AcZ,GyX,GyY,GyZ,MPU Temp [C]
1.00,64.0,True,0,0,0,0,0,0,22.48235294117647
2.00,64.0,True,0,0,0,0,0,0,22.48235294117647
3.00,64.0,True,0,0,0,0,0,0,22.48235294117647
4.00,63.833333333333336,True,0,0,0,0,0,0,22.48235294117647
5.00,64.0,True,0,0,0,0,0,0,22.48235294117647
6.00,63.833333333333336,True,0,0,0,0,0,0,22.48235294117647
7.00,63.833333333333336,True,0,0,0,0,0,0,22.48235294117647
8.00,63.833333333333336,True,0,0,0,0,0,0,22.48235294117647
9.00,64.0,True,0,0,0,0,0,0,22.48235294117647
10.00,63.833333333333336,True,0,0,0,0,0,0,22.48235294117647
11.00,63.833333333333336,True,0,0,0,0,0,0,22.48235294117647
12.00,64.0,True,0,0,0,0,0,0,22.48235294117647
13.00,63.833333333333336,True,0,0,0,0,0,0,22.48235294117647
14.00,64.0,True,0,0,0,0,0,0,22.48235294117647
15.00,64.0,True,0,0,0,0,0,0,22.48235294117647
16.00,63.833333333333336,True,0,0,0,0,0,0,22.48235294117647
17.00,64.0,True,0,0,0,0,0,0,22.48235294117647
18.00,64.0,True,0,0,0,0,0,0,22.48235294117647
19.00,63.833333333333336,True,0,0,0,0,0,0,22.48235294117647
20.00,64.0,True,0,0,0,0,0,0,22.48235294117647
21.00,64.16666666666667,True,0,0,0,0,0,0,22.48235294117647
22.00,64.0,True,0,0,0,0,0,0,22.48235294117647
23.00,64.16666666666667,True,0,0,0,0,0,0,22.48235294117647
24.00,64.16666666666667,True,0,0,0,0,0,0,22.48235294117647
25.00,64.0,True,0,0,0,0,0,0,22.48235294117647
26.00,64.0,True,0,0,0,0,0,0,22.48235294117647
27.00,64.16666666666667,True,0,0,0,0,0,0,22.48235294117647
28.00,64.16666666666667,True,0,0,0,0,0,0,22.48235294117647
29.00,64.0,True,0,0,0,0,0,0,22.48235294117647
30.00,64.0,True,0,0,0,0,0,0,22.48235294117647
31.00,64.16666666666667,True,0,0,0,0,0,0,22.48235294117647
32.00,64.16666666666667,True,0,0,0,0,0,0,22.48235294117647
33.00,64.16666666666667,True,0,0,0,0,0,0,22.48235294117647
34.00,64.0,True,0,0,0,0,0,0,22.48235294117647
35.00,64.16666666666667,True,0,0,0,0,0,0,22.48235294117647
36.00,64.16666666666667,True,0,0,0,0,0,0,22.48235294117647
37.00,64.16666666666667,True,0,0,0,0,0,0,22.48235294117647
38.00,64.0,True,0,0,0,0,0,0,22.48235294117647
39.00,64.16666666666667,True,0,0,0,0,0,0,22.48235294117647
40.00,64.0,True,0,0,0,0,0,0,22.48235294117647
41.00,64.16666666666667,True,0,0,0,0,0,0,22.48235294117647
42.00,64.16666666666667,True,0,0,0,0,0,0,22.48235294117647
43.00,64.33333333333333,True,0,0,0,0,0,0,22.48235294117647
44.00,64.16666666666667,True,0,0,0,0,0,0,22.48235294117647
45.00,64.0,True,0,0,0,0,0,0,22.48235294117647
46.00,64.16666666666667,True,0,0,0,0,0,0,22.48235294117647
47.00,64.16666666666667,True,0,0,0,0,0,0,22.48235294117647
48.00,64.16666666666667,True,0,0,0,0,0,0,22.48235294117647
49.00,64.16666666666667,True,0,0,0,0,0,0,22.48235294117647
50.00,64.16666666666667,True,0,0,0,0,0,0,22.48235294117647
51.00,64.33333333333333,True,0,0,0,0,0,0,22.48235294117647
52.00,64.16666666666667,True,0,0,0,0,0,0,22.48235294117647
53.00,64.16666666666667,True,0,0,0,0,0,0,22.48235294117647
54.00,64.16666666666667,True,0,0,0,0,0,0,22.48235294117647
55.00,64.16666666666667,True,0,0,0,0,0,0,22.48235294117647
56.00,64.16666666666667,True,0,0,0,0,0,0,22.48235294117647
57.00,64.16666666666667,True,0,0,0,0,0,0,22.48235294117647
58.00,64.16666666666667,True,0,0,0,0,0,0,22.48235294117647
59.00,64.16666666666667,True,0,0,0,0,0,0,22.48235294117647
60.00,64.16666666666667,True,0,0,0,0,0,0,22.48235294117647
61.00,64.16666666666667,True,0,0,0,0,0,0,22.48235294117647
62.00,64.16666666666667,True,0,0,0,0,0,0,22.48235294117647
63.00,64.16666666666667,True,0,0,0,0,0,0,22.48235294117647
64.00,64.16666666666667,True,0,0,0,0,0,0,22.48235294117647
65.00,64.16666666666667,True,0,0,0,0,0,0,22.48235294117647
66.00,64.16666666666667,True,0,0,0,0,0,0,22.48235294117647
67.00,64.33333333333333,True,0,0,0,0,0,0,22.48235294117647
68.00,64.16666666666667,True,0,0,0,0,0,0,22.48235294117647
69.00,64.33333333333333,True,0,0,0,0,0,0,22.48235294117647
70.00,64.16666666666667,True,0,0,0,0,0,0,22.48235294117647
71.00,64.33333333333333,True,0,0,0,0,0,0,22.48235294117647
72.00,64.33333333333333,True,0,0,0,0,0,0,22.48235294117647
73.00,64.16666666666667,True,0,0,0,0,0,0,22.48235294117647
74.00,64.16666666666667,True,0,0,0,0,0,0,22.48235294117647
75.00,64.33333333333333,True,0,0,0,0,0,0,22.48235294117647
76.00,64.16666666666667,True,0,0,0,0,0,0,22.48235294117647
77.00,64.16666666666667,True,0,0,0,0,0,0,22.48235294117647
78.00,64.33333333333333,True,0,0,0,0,0,0,22.48235294117647
79.00,64.33333333333333,True,0,0,0,0,0,0,22.48235294117647
80.00,64.33333333333333,True,0,0,0,0,0,0,22.48235294117647
81.00,64.33333333333333,True,0,0,0,0,0,0,22.48235294117647
82.00,64.33333333333333,True,0,0,0,0,0,0,22.48235294117647
83.00,64.33333333333333,True,0,0,0,0,0,0,22.48235294117647
84.00,64.16666666666667,True,0,0,0,0,0,0,22.48235294117647
85.00,64.5,True,0,0,0,0,0,0,22.48235294117647
86.00,64.16666666666667,True,0,0,0,0,0,0,22.48235294117647
87.00,64.33333333333333,True,0,0,0,0,0,0,22.48235294117647
88.00,64.33333333333333,True,0,0,0,0,0,0,22.48235294117647
89.00,64.33333333333333,True,0,0,0,0,0,0,22.48235294117647
90.00,64.33333333333333,True,0,0,0,0,0,0,22.48235294117647
91.00,64.33333333333333,True,0,0,0,0,0,0,22.48235294117647
92.00,64.33333333333333,True,0,0,0,0,0,0,22.48235294117647
93.00,64.33333333333333,True,0,0,0,0,0,0,22.48235294117647
94.00,64.33333333333333,True,0,0,0,0,0,0,22.48235294117647
95.00,64.5,True,0,0,0,0,0,0,22.48235294117647
96.00,64.33333333333333,True,0,0,0,0,0,0,22.48235294117647
97.00,64.33333333333333,True,0,0,0,0,0,0,22.48235294117647
98.00,64.5,True,0,0,0,0,0,0,22.48235294117647
99.00,64.33333333333333,True,0,0,0,0,0,0,22.48235294117647
100.00,64.5,True,0,0,0,0,0,0,22.48235294117647
101.00,64.33333333333333,True,0,0,0,0,0,0,22.48235294117647
102.00,64.33333333333333,True,0,0,0,0,0,0,22.48235294117647
103.00,64.33333333333333,True,0,0,0,0,0,0,22.48235294117647
104.00,64.33333333333333,True,0,0,0,0,0,0,22.48235294117647
105.00,64.33333333333333,True,0,0,0,0,0,0,22.48235294117647
106.00,64.5,True,0,0,0,0,0,0,22.48235294117647
107.00,64.33333333333333,True,0,0,0,0,0,0,22.48235294117647
108.00,64.5,True,0,0,0,0,0,0,22.48235294117647
109.00,64.33333333333333,True,0,0,0,0,0,0,22.48235294117647
110.00,60.0,True,0,0,0,0,0,0,22.48235294117647
111.00,63.333333333333336,True,0,0,0,0,0,0,22.48235294117647
112.00,64.66666666666667,True,0,0,0,0,0,0,22.48235294117647
113.00,64.33333333333333,True,0,0,0,0,0,0,22.48235294117647
114.00,64.5,True,0,0,0,0,0,0,22.48235294117647
115.00,64.33333333333333,True,0,0,0,0,0,0,22.48235294117647
116.00,64.5,True,0,0,0,0,0,0,22.48235294117647
117.00,64.5,True,0,0,0,0,0,0,22.48235294117647
118.00,64.5,True,0,0,0,0,0,0,22.48235294117647
119.00,64.5,True,0,0,0,0,0,0,22.48235294117647
120.00,64.5,True,0,0,0,0,0,0,22.48235294117647
121.00,64.5,True,0,0,0,0,0,0,22.48235294117647
122.00,64.5,True,0,0,0,0,0,0,22.48235294117647
123.00,64.66666666666667,True,0,0,0,0,0,0,22.48235294117647
124.00,64.33333333333333,True,0,0,0,0,0,0,22.48235294117647
125.00,64.5,True,0,0,0,0,0,0,22.48235294117647
126.00,64.33333333333333,True,0,0,0,0,0,0,22.48235294117647
127.00,64.5,True,0,0,0,0,0,0,22.48235294117647
128.00,64.33333333333333,True,0,0,0,0,0,0,22.48235294117647
129.00,64.33333333333333,True,0,0,0,0,0,0,22.48235294117647
130.00,25.5,True,0,0,0,0,0,0,22.48235294117647
131.00,6.0,True,0,0,0,0,0,0,22.48235294117647
132.00,5.833333333333333,True,0,0,0,0,0,0,22.48235294117647
133.00,41.5,True,0,0,0,0,0,0,22.48235294117647
134.00,64.16666666666667,True,0,0,0,0,0,0,22.48235294117647
135.00,64.16666666666667,True,0,0,0,0,0,0,22.48235294117647
136.00,64.33333333333333,True,0,0,0,0,0,0,22.48235294117647
137.00,64.33333333333333,True,0,0,0,0,0,0,22.48235294117647
138.00,64.16666666666667,True,0,0,0,0,0,0,22.48235294117647
139.00,64.5,True,0,0,0,0,0,0,22.48235294117647
140.00,64.33333333333333,True,0,0,0,0,0,0,22.48235294117647
141.00,64.33333333333333,True,0,0,0,0,0,0,22.48235294117647
142.00,64.5,True,0,0,0,0,0,0,22.48235294117647
143.00,64.33333333333333,True,0,0,0,0,0,0,22.48235294117647
144.00,64.83333333333333,True,0,0,0,0,0,0,22.48235294117647
145.00,64.5,True,0,0,0,0,0,0,22.48235294117647
146.00,64.5,True,0,0,0,0,0,0,22.48235294117647
147.00,64.33333333333333,True,0,0,0,0,0,0,22.48235294117647
148.00,64.5,True,0,0,0,0,0,0,22.48235294117647
149.00,64.5,True,0,0,0,0,0,0,22.48235294117647
150.00,64.5,True,0,0,0,0,0,0,22.48235294117647
151.00,64.5,True,0,0,0,0,0,0,22.48235294117647
152.00,64.33333333333333,True,0,0,0,0,0,0,22.48235294117647
153.00,64.5,True,0,0,0,0,0,0,22.48235294117647
154.00,64.5,True,0,0,0,0,0,0,22.48235294117647
155.00,64.5,True,0,0,0,0,0,0,22.48235294117647
156.00,64.5,True,0,0,0,0,0,0,22.48235294117647
157.00,64.5,True,0,0,0,0,0,0,22.48235294117647
158.00,64.33333333333333,True,0,0,0,0,0,0,22.48235294117647
159.00,64.5,True,0,0,0,0,0,0,22.48235294117647
160.00,64.5,True,0,0,0,0,0,0,22.48235294117647
161.00,64.5,True,0,0,0,0,0,0,22.48235294117647
162.00,64.5,True,0,0,0,0,0,0,22.48235294117647
163.00,64.33333333333333,True,0,0,0,0,0,0,22.48235294117647
164.00,64.5,True,0,0,0,0,0,0,22.48235294117647
165.00,64.5,True,0,0,0,0,0,0,22.48235294117647
166.00,64.33333333333333,True,0,0,0,0,0,0,22.48235294117647
167.00,64.5,True,0,0,0,0,0,0,22.48235294117647
168.00,64.5,True,0,0,0,0,0,0,22.48235294117647
169.00,64.5,True,0,0,0,0,0,0,22.48235294117647
170.00,64.5,True,0,0,0,0,0,0,22.48235294117647
171.00,64.5,True,0,0,0,0,0,0,22.48235294117647
172.00,64.66666666666667,True,0,0,0,0,0,0,22.48235294117647
173.00,64.5,True,0,0,0,0,0,0,22.48235294117647
174.00,64.5,True,0,0,0,0,0,0,22.48235294117647
175.00,64.66666666666667,True,0,0,0,0,0,0,22.48235294117647
176.00,64.5,True,0,0,0,0,0,0,22.48235294117647
177.00,64.5,True,0,0,0,0,0,0,22.48235294117647
178.00,64.33333333333333,True,0,0,0,0,0,0,22.48235294117647
179.00,64.5,True,0,0,0,0,0,0,22.48235294117647
180.00,64.66666666666667,True,0,0,0,0,0,0,22.48235294117647
181.00,64.5,True,0,0,0,0,0,0,22.48235294117647
182.00,64.5,True,0,0,0,0,0,0,22.48235294117647
183.00,64.66666666666667,True,0,0,0,0,0,0,22.48235294117647
184.00,64.5,True,0,0,0,0,0,0,22.48235294117647
185.00,64.5,True,0,0,0,0,0,0,22.48235294117647
186.00,64.66666666666667,True,0,0,0,0,0,0,22.48235294117647
187.00,64.5,True,0,0,0,0,0,0,22.48235294117647
188.00,64.5,True,0,0,0,0,0,0,22.48235294117647
189.00,64.66666666666667,True,0,0,0,0,0,0,22.48235294117647
190.00,64.5,True,0,0,0,0,0,0,22.48235294117647
191.00,64.5,True,0,0,0,0,0,0,22.48235294117647
192.00,64.5,True,0,0,0,0,0,0,22.48235294117647
193.00,64.5,True,0,0,0,0,0,0,22.48235294117647
194.00,64.5,True,0,0,0,0,0,0,22.48235294117647
195.00,64.66666666666667,True,0,0,0,0,0,0,22.48235294117647
196.00,64.5,True,0,0,0,0,0,0,22.48235294117647
197.00,64.66666666666667,True,0,0,0,0,0,0,22.48235294117647
198.00,64.66666666666667,True,0,0,0,0,0,0,22.48235294117647
199.00,64.5,True,0,0,0,0,0,0,22.48235294117647
200.00,64.66666666666667,True,0,0,0,0,0,0,22.48235294117647
201.00,64.5,True,0,0,0,0,0,0,22.48235294117647
202.00,64.66666666666667,True,0,0,0,0,0,0,22.48235294117647
203.00,64.5,True,0,0,0,0,0,0,22.48235294117647
204.00,64.5,True,0,0,0,0,0,0,22.48235294117647
205.00,64.5,True,0,0,0,0,0,0,22.48235294117647
206.00,64.5,True,0,0,0,0,0,0,22.48235294117647
207.00,64.5,True,0,0,0,0,0,0,22.48235294117647
208.00,64.5,True,0,0,0,0,0,0,22.48235294117647
209.00,64.5,True,0,0,0,0,0,0,22.48235294117647
210.00,64.5,True,0,0,0,0,0,0,22.48235294117647
211.00,64.5,True,0,0,0,0,0,0,22.48235294117647
212.00,64.66666666666667,True,0,0,0,0,0,0,22.48235294117647
213.00,64.5,True,0,0,0,0,0,0,22.48235294117647
214.00,64.66666666666667,True,0,0,0,0,0,0,22.48235294117647
215.00,64.66666666666667,True,0,0,0,0,0,0,22.48235294117647
216.00,64.5,True,0,0,0,0,0,0,22.48235294117647
217.00,64.5,True,0,0,0,0,0,0,22.48235294117647
218.00,64.66666666666667,True,0,0,0,0,0,0,22.48235294117647
219.00,64.5,True,0,0,0,0,0,0,22.48235294117647
220.00,64.66666666666667,True,0,0,0,0,0,0,22.48235294117647
221.00,64.66666666666667,True,0,0,0,0,0,0,22.48235294117647
222.00,64.5,True,0,0,0,0,0,0,22.48235294117647
223.00,64.66666666666667,True,0,0,0,0,0,0,22.48235294117647
224.00,64.66666666666667,True,0,0,0,0,0,0,22.48235294117647
225.00,64.5,True,0,0,0,0,0,0,22.48235294117647
226.00,64.66666666666667,True,0,0,0,0,0,0,22.48235294117647
227.00,64.66666666666667,True,0,0,0,0,0,0,22.48235294117647
228.00,64.66666666666667,True,0,0,0,0,0,0,22.48235294117647
229.00,64.66666666666667,True,0,0,0,0,0,0,22.48235294117647
230.00,64.83333333333333,True,0,0,0,0,0,0,22.48235294117647
231.00,64.5,True,0,0,0,0,0,0,22.48235294117647
232.00,57.0,True,0,0,0,0,0,0,22.48235294117647
233.00,59.5,True,0,0,0,0,0,0,22.48235294117647
234.00,64.16666666666667,True,0,0,0,0,0,0,22.48235294117647
235.00,64.83333333333333,True,0,0,0,0,0,0,22.48235294117647
236.00,64.66666666666667,True,0,0,0,0,0,0,22.48235294117647
237.00,64.66666666666667,True,0,0,0,0,0,0,22.48235294117647
238.00,64.83333333333333,True,0,0,0,0,0,0,22.48235294117647
239.00,64.66666666666667,True,0,0,0,0,0,0,22.48235294117647
240.00,64.66666666666667,True,0,0,0,0,0,0,22.48235294117647
241.00,64.66666666666667,True,0,0,0,0,0,0,22.48235294117647
242.00,64.83333333333333,True,0,0,0,0,0,0,22.48235294117647
243.00,56.166666666666664,True,0,0,0,0,0,0,22.48235294117647
244.00,48.833333333333336,True,0,0,0,0,0,0,22.48235294117647
245.00,64.66666666666667,True,0,0,0,0,0,0,22.48235294117647
246.00,64.83333333333333,True,0,0,0,0,0,0,22.48235294117647
247.00,64.83333333333333,True,0,0,0,0,0,0,22.48235294117647
248.00,64.83333333333333,True,0,0,0,0,0,0,22.48235294117647
249.00,64.5,True,0,0,0,0,0,0,22.48235294117647
250.00,64.66666666666667,True,0,0,0,0,0,0,22.48235294117647
251.00,64.66666666666667,True,0,0,0,0,0,0,22.48235294117647
252.00,64.66666666666667,True,0,0,0,0,0,0,22.48235294117647
253.00,64.66666666666667,True,0,0,0,0,0,0,22.48235294117647
254.00,64.66666666666667,True,0,0,0,0,0,0,22.48235294117647
255.00,64.5,True,0,0,0,0,0,0,22.48235294117647
256.00,64.66666666666667,True,0,0,0,0,0,0,22.48235294117647
257.00,64.5,True,0,0,0,0,0,0,22.48235294117647
258.00,64.66666666666667,True,0,0,0,0,0,0,22.48235294117647
259.00,64.5,True,0,0,0,0,0,0,22.48235294117647
260.00,64.66666666666667,True,0,0,0,0,0,0,22.48235294117647
261.00,64.66666666666667,True,0,0,0,0,0,0,22.48235294117647
262.00,64.66666666666667,True,0,0,0,0,0,0,22.48235294117647
263.00,64.66666666666667,True,0,0,0,0,0,0,22.48235294117647
264.00,64.66666666666667,True,0,0,0,0,0,0,22.48235294117647
265.00,64.66666666666667,True,0,0,0,0,0,0,22.48235294117647
266.00,64.66666666666667,True,0,0,0,0,0,0,22.48235294117647
267.00,64.66666666666667,True,0,0,0,0,0,0,22.48235294117647
268.00,64.66666666666667,True,0,0,0,0,0,0,22.48235294117647
269.00,64.83333333333333,True,0,0,0,0,0,0,22.48235294117647
270.00,193.66666666666666,True,0,0,0,0,0,0,22.48235294117647
271.00,214.5,True,0,0,0,0,0,0,22.48235294117647
272.00,130.0,True,0,0,0,0,0,0,22.48235294117647
273.00,225.0,True,0,0,0,0,0,0,22.48235294117647
274.00,225.16666666666666,True,0,0,0,0,0,0,22.48235294117647
275.00,225.16666666666666,True,0,0,0,0,0,0,22.48235294117647
276.00,225.16666666666666,True,0,0,0,0,0,0,22.48235294117647
277.00,225.16666666666666,True,0,0,0,0,0,0,22.48235294117647
278.00,225.16666666666666,True,0,0,0,0,0,0,22.48235294117647
279.00,225.16666666666666,True,0,0,0,0,0,0,22.48235294117647
280.00,225.16666666666666,True,0,0,0,0,0,0,22.48235294117647
281.00,225.16666666666666,True,0,0,0,0,0,0,22.48235294117647
282.00,225.16666666666666,True,0,0,0,0,0,0,22.48235294117647
283.00,225.16666666666666,True,0,0,0,0,0,0,22.48235294117647
284.00,225.16666666666666,True,0,0,0,0,0,0,22.48235294117647
285.00,225.33333333333334,True,0,0,0,0,0,0,22.48235294117647
286.00,225.33333333333334,True,0,0,0,0,0,0,22.48235294117647
287.00,225.16666666666666,True,0,0,0,0,0,0,22.48235294117647
288.00,1207.0,True,0,0,0,0,0,0,22.48235294117647
289.00,4584.0,True,0,0,0,0,0,0,22.48235294117647
290.00,4536.666666666667,True,0,0,0,0,0,0,22.48235294117647
291.00,832.5,True,0,0,0,0,0,0,22.48235294117647
292.00,6952.0,True,0,0,0,0,0,0,22.48235294117647
293.00,4520.166666666667,True,0,0,0,0,0,0,22.48235294117647
294.00,4507.166666666667,True,0,0,0,0,0,0,22.48235294117647
295.00,4515.0,True,0,0,0,0,0,0,22.48235294117647
296.00,4506.333333333333,True,0,0,0,0,0,0,22.48235294117647
297.00,4489.833333333333,True,0,0,0,0,0,0,22.48235294117647
298.00,4499.333333333333,True,0,0,0,0,0,0,22.48235294117647
299.00,4102.166666666667,True,0,0,0,0,0,0,22.48235294117647
300.00,8977.5,True,0,0,0,0,0,0,22.48235294117647
301.00,4471.833333333333,True,0,0,0,0,0,0,22.48235294117647
302.00,4470.333333333333,True,0,0,0,0,0,0,22.48235294117647
303.00,4484.666666666667,True,0,0,0,0,0,0,22.48235294117647
304.00,4492.0,True,0,0,0,0,0,0,22.48235294117647
305.00,4504.666666666667,True,0,0,0,0,0,0,22.48235294117647
306.00,4483.833333333333,True,0,0,0,0,0,0,22.48235294117647
307.00,4425.666666666667,True,0,0,0,0,0,0,22.48235294117647
308.00,4468.5,True,0,0,0,0,0,0,22.48235294117647
309.00,4468.0,True,0,0,0,0,0,0,22.48235294117647
310.00,4441.666666666667,True,0,0,0,0,0,0,22.48235294117647
311.00,4442.166666666667,True,0,0,0,0,0,0,22.48235294117647
312.00,4437.166666666667,True,0,0,0,0,0,0,22.48235294117647
313.00,4440.166666666667,True,0,0,0,0,0,0,22.48235294117647
314.00,4425.333333333333,True,0,0,0,0,0,0,22.48235294117647
315.00,4409.0,True,0,0,0,0,0,0,22.48235294117647
316.00,4413.333333333333,True,0,0,0,0,0,0,22.48235294117647
317.00,4422.0,True,0,0,0,0,0,0,22.48235294117647
318.00,4390.666666666667,True,0,0,0,0,0,0,22.48235294117647
319.00,4391.5,True,0,0,0,0,0,0,22.48235294117647
320.00,4394.833333333333,True,0,0,0,0,0,0,22.48235294117647
321.00,4432.833333333333,True,0,0,0,0,0,0,22.48235294117647
322.00,4380.833333333333,True,0,0,0,0,0,0,22.48235294117647
323.00,4417.333333333333,True,0,0,0,0,0,0,22.48235294117647
324.00,4430.5,True,0,0,0,0,0,0,22.48235294117647
325.00,4420.833333333333,True,0,0,0,0,0,0,22.48235294117647
326.00,4433.333333333333,True,0,0,0,0,0,0,22.48235294117647
327.00,4443.5,True,0,0,0,0,0,0,22.48235294117647
328.00,4445.833333333333,True,0,0,0,0,0,0,22.48235294117647
329.00,4435.0,True,0,0,0,0,0,0,22.48235294117647
330.00,4441.833333333333,True,0,0,0,0,0,0,22.48235294117647
331.00,4434.5,True,0,0,0,0,0,0,22.48235294117647
332.00,4508.833333333333,True,0,0,0,0,0,0,22.48235294117647
333.00,4581.666666666667,True,0,0,0,0,0,0,22.48235294117647
334.00,4570.666666666667,True,0,0,0,0,0,0,22.48235294117647
335.00,4510.166666666667,True,0,0,0,0,0,0,22.48235294117647
336.00,4517.666666666667,True,0,0,0,0,0,0,22.48235294117647
337.00,4478.833333333333,True,0,0,0,0,0,0,22.48235294117647
338.00,4607.666666666667,True,0,0,0,0,0,0,22.48235294117647
339.00,4658.0,True,0,0,0,0,0,0,22.48235294117647
340.00,4637.666666666667,True,0,0,0,0,0,0,22.48235294117647
341.00,4645.833333333333,True,0,0,0,0,0,0,22.48235294117647
342.00,4658.333333333333,True,0,0,0,0,0,0,22.48235294117647
343.00,4641.5,True,0,0,0,0,0,0,22.48235294117647
344.00,4652.5,True,0,0,0,0,0,0,22.48235294117647
345.00,4665.833333333333,True,0,0,0,0,0,0,22.48235294117647
346.00,4647.666666666667,True,0,0,0,0,0,0,22.48235294117647
347.00,4666.833333333333,True,0,0,0,0,0,0,22.48235294117647
348.00,4653.0,True,0,0,0,0,0,0,22.48235294117647
349.00,4659.666666666667,True,0,0,0,0,0,0,22.48235294117647
350.00,4677.0,True,0,0,0,0,0,0,22.48235294117647
351.00,4663.5,True,0,0,0,0,0,0,22.48235294117647
352.00,4653.333333333333,True,0,0,0,0,0,0,22.48235294117647
353.00,4663.0,True,0,0,0,0,0,0,22.48235294117647
354.00,4664.833333333333,True,0,0,0,0,0,0,22.48235294117647
355.00,4673.0,True,0,0,0,0,0,0,22.48235294117647
356.00,4649.5,True,0,0,0,0,0,0,22.48235294117647
357.00,4657.0,True,0,0,0,0,0,0,22.48235294117647
358.00,4667.833333333333,True,0,0,0,0,0,0,22.48235294117647
359.00,4643.333333333333,True,0,0,0,0,0,0,22.48235294117647
360.00,4651.833333333333,True,0,0,0,0,0,0,22.48235294117647
361.00,4648.166666666667,True,0,0,0,0,0,0,22.48235294117647
362.00,4659.666666666667,True,0,0,0,0,0,0,22.48235294117647
363.00,4643.0,True,0,0,0,0,0,0,22.48235294117647
364.00,4639.166666666667,True,0,0,0,0,0,0,22.48235294117647
365.00,4625.666666666667,True,0,0,0,0,0,0,22.48235294117647
366.00,4634.666666666667,True,0,0,0,0,0,0,22.48235294117647
367.00,4634.5,True,0,0,0,0,0,0,22.48235294117647
368.00,4642.0,True,0,0,0,0,0,0,22.48235294117647
369.00,4618.333333333333,True,0,0,0,0,0,0,22.48235294117647
370.00,4637.333333333333,True,0,0,0,0,0,0,22.48235294117647
371.00,4613.166666666667,True,0,0,0,0,0,0,22.48235294117647
372.00,4634.166666666667,True,0,0,0,0,0,0,22.48235294117647
373.00,4610.5,True,0,0,0,0,0,0,22.48235294117647
374.00,4629.166666666667,True,0,0,0,0,0,0,22.48235294117647
375.00,4607.833333333333,True,0,0,0,0,0,0,22.48235294117647
376.00,4622.666666666667,True,0,0,0,0,0,0,22.48235294117647
377.00,4612.333333333333,True,0,0,0,0,0,0,22.48235294117647
378.00,4600.166666666667,True,0,0,0,0,0,0,22.48235294117647
379.00,4605.333333333333,True,0,0,0,0,0,0,22.48235294117647
380.00,4603.5,True,0,0,0,0,0,0,22.48235294117647
381.00,4601.166666666667,True,0,0,0,0,0,0,22.48235294117647
382.00,4599.833333333333,True,0,0,0,0,0,0,22.48235294117647
383.00,4599.333333333333,True,0,0,0,0,0,0,22.48235294117647
384.00,4608.333333333333,True,0,0,0,0,0,0,22.48235294117647
385.00,4599.0,True,0,0,0,0,0,0,22.48235294117647
386.00,4595.0,True,0,0,0,0,0,0,22.48235294117647
387.00,4591.5,True,0,0,0,0,0,0,22.48235294117647
388.00,4578.666666666667,True,0,0,0,0,0,0,22.48235294117647
389.00,4582.666666666667,True,0,0,0,0,0,0,22.48235294117647
390.00,4581.166666666667,True,0,0,0,0,0,0,22.48235294117647
391.00,4578.333333333333,True,0,0,0,0,0,0,22.48235294117647
392.00,4580.0,True,0,0,0,0,0,0,22.48235294117647
393.00,4579.166666666667,True,0,0,0,0,0,0,22.48235294117647
394.00,4588.5,True,0,0,0,0,0,0,22.48235294117647
395.00,4577.833333333333,True,0,0,0,0,0,0,22.48235294117647
396.00,4578.5,True,0,0,0,0,0,0,22.48235294117647
397.00,4578.333333333333,True,0,0,0,0,0,0,22.48235294117647
398.00,4578.166666666667,True,0,0,0,0,0,0,22.48235294117647
399.00,4567.833333333333,True,0,0,0,0,0,0,22.48235294117647
400.00,4588.0,True,0,0,0,0,0,0,22.48235294117647
401.00,4568.5,True,0,0,0,0,0,0,22.48235294117647
402.00,4589.166666666667,True,0,0,0,0,0,0,22.48235294117647
403.00,4578.5,True,0,0,0,0,0,0,22.48235294117647
404.00,4577.5,True,0,0,0,0,0,0,22.48235294117647
405.00,4568.833333333333,True,0,0,0,0,0,0,22.48235294117647
406.00,4577.833333333333,True,0,0,0,0,0,0,22.48235294117647
407.00,4578.166666666667,True,0,0,0,0,0,0,22.48235294117647
408.00,4578.166666666667,True,0,0,0,0,0,0,22.48235294117647
409.00,4577.5,True,0,0,0,0,0,0,22.48235294117647
410.00,4587.833333333333,True,0,0,0,0,0,0,22.48235294117647
411.00,4568.5,True,0,0,0,0,0,0,22.48235294117647
412.00,4588.0,True,0,0,0,0,0,0,22.48235294117647
413.00,4577.666666666667,True,0,0,0,0,0,0,22.48235294117647
414.00,4578.0,True,0,0,0,0,0,0,22.48235294117647
415.00,4568.0,True,0,0,0,0,0,0,22.48235294117647
416.00,4577.666666666667,True,0,0,0,0,0,0,22.48235294117647
417.00,4587.833333333333,True,0,0,0,0,0,0,22.48235294117647
418.00,4577.833333333333,True,0,0,0,0,0,0,22.48235294117647
419.00,4567.5,True,0,0,0,0,0,0,22.48235294117647
420.00,4579.333333333333,True,0,0,0,0,0,0,22.48235294117647
421.00,4588.5,True,0,0,0,0,0,0,22.48235294117647
422.00,4567.833333333333,True,0,0,0,0,0,0,22.48235294117647
423.00,4578.333333333333,True,0,0,0,0,0,0,22.48235294117647
424.00,4578.0,True,0,0,0,0,0,0,22.48235294117647
425.00,4587.833333333333,True,0,0,0,0,0,0,22.48235294117647
426.00,4568.166666666667,True,0,0,0,0,0,0,22.48235294117647
427.00,4577.0,True,0,0,0,0,0,0,22.48235294117647
428.00,4588.166666666667,True,0,0,0,0,0,0,22.48235294117647
429.00,4567.0,True,0,0,0,0,0,0,22.48235294117647
430.00,4588.166666666667,True,0,0,0,0,0,0,22.48235294117647
431.00,4577.666666666667,True,0,0,0,0,0,0,22.48235294117647
432.00,4577.5,True,0,0,0,0,0,0,22.48235294117647
433.00,4568.0,True,0,0,0,0,0,0,22.48235294117647
434.00,4587.0,True,0,0,0,0,0,0,22.48235294117647
435.00,4568.666666666667,True,0,0,0,0,0,0,22.48235294117647
436.00,4577.5,True,0,0,0,0,0,0,22.48235294117647
437.00,4578.166666666667,True,0,0,0,0,0,0,22.48235294117647
438.00,4577.166666666667,True,0,0,0,0,0,0,22.48235294117647
439.00,4576.833333333333,True,0,0,0,0,0,0,22.48235294117647
440.00,4588.0,True,0,0,0,0,0,0,22.48235294117647
441.00,4576.333333333333,True,0,0,0,0,0,0,22.48235294117647
442.00,4566.666666666667,True,0,0,0,0,0,0,22.48235294117647
443.00,4587.333333333333,True,0,0,0,0,0,0,22.48235294117647
444.00,4577.666666666667,True,0,0,0,0,0,0,22.48235294117647
445.00,4566.166666666667,True,0,0,0,0,0,0,22.48235294117647
446.00,4587.666666666667,True,0,0,0,0,0,0,22.48235294117647
447.00,4566.666666666667,True,0,0,0,0,0,0,22.48235294117647
448.00,4585.166666666667,True,0,0,0,0,0,0,22.48235294117647
449.00,4563.5,True,0,0,0,0,0,0,22.48235294117647
450.00,4575.5,True,0,0,0,0,0,0,22.48235294117647
451.00,4573.5,True,0,0,0,0,0,0,22.48235294117647
452.00,4575.833333333333,True,0,0,0,0,0,0,22.48235294117647
453.00,4574.166666666667,True,0,0,0,0,0,0,22.48235294117647
454.00,4584.5,True,0,0,0,0,0,0,22.48235294117647
455.00,4562.5,True,0,0,0,0,0,0,22.48235294117647
456.00,4584.666666666667,True,0,0,0,0,0,0,22.48235294117647
457.00,4563.0,True,0,0,0,0,0,0,22.48235294117647
458.00,4583.833333333333,True,0,0,0,0,0,0,22.48235294117647
459.00,4562.833333333333,True,0,0,0,0,0,0,22.48235294117647
460.00,4573.333333333333,True,0,0,0,0,0,0,22.48235294117647
461.00,4583.0,True,0,0,0,0,0,0,22.48235294117647
462.00,4562.0,True,0,0,0,0,0,0,22.48235294117647
463.00,4572.0,True,0,0,0,0,0,0,22.48235294117647
464.00,4579.833333333333,True,0,0,0,0,0,0,22.48235294117647
465.00,4562.0,True,0,0,0,0,0,0,22.48235294117647
466.00,4573.5,True,0,0,0,0,0,0,22.48235294117647
467.00,4581.833333333333,True,0,0,0,0,0,0,22.48235294117647
468.00,4561.0,True,0,0,0,0,0,0,22.48235294117647
469.00,4581.666666666667,True,0,0,0,0,0,0,22.48235294117647
470.00,4564.5,True,0,0,0,0,0,0,22.48235294117647
471.00,4583.0,True,0,0,0,0,0,0,22.48235294117647
472.00,4555.0,True,0,0,0,0,0,0,22.48235294117647
473.00,4563.833333333333,True,0,0,0,0,0,0,22.48235294117647
474.00,4562.833333333333,True,0,0,0,0,0,0,22.48235294117647
475.00,4571.666666666667,True,0,0,0,0,0,0,22.48235294117647
476.00,4556.333333333333,True,0,0,0,0,0,0,22.48235294117647
477.00,4563.333333333333,True,0,0,0,0,0,0,22.48235294117647
478.00,4570.5,True,0,0,0,0,0,0,22.48235294117647
479.00,4568.0,True,0,0,0,0,0,0,22.48235294117647
480.00,4556.333333333333,True,0,0,0,0,0,0,22.48235294117647
481.00,4581.333333333333,True,0,0,0,0,0,0,22.48235294117647
482.00,4556.666666666667,True,0,0,0,0,0,0,22.48235294117647
483.00,4574.833333333333,True,0,0,0,0,0,0,22.48235294117647
484.00,4554.333333333333,True,0,0,0,0,0,0,22.48235294117647
485.00,4563.166666666667,True,0,0,0,0,0,0,22.48235294117647
486.00,4572.5,True,0,0,0,0,0,0,22.48235294117647
487.00,4551.5,True,0,0,0,0,0,0,22.48235294117647
488.00,4564.833333333333,True,0,0,0,0,0,0,22.48235294117647
489.00,4571.5,True,0,0,0,0,0,0,22.48235294117647
490.00,4563.333333333333,True,0,0,0,0,0,0,22.48235294117647
491.00,4561.166666666667,True,0,0,0,0,0,0,22.48235294117647
492.00,4563.0,True,0,0,0,0,0,0,22.48235294117647
493.00,4572.166666666667,True,0,0,0,0,0,0,22.48235294117647
494.00,4552.333333333333,True,0,0,0,0,0,0,22.48235294117647
495.00,4559.666666666667,True,0,0,0,0,0,0,22.48235294117647
496.00,4588.333333333333,True,0,0,0,0,0,0,22.48235294117647
497.00,4581.5,True,0,0,0,0,0,0,22.48235294117647
498.00,4577.333333333333,True,0,0,0,0,0,0,22.48235294117647
499.00,4579.0,True,0,0,0,0,0,0,22.48235294117647
500.00,4568.333333333333,True,0,0,0,0,0,0,22.48235294117647
501.00,4578.5,True,0,0,0,0,0,0,22.48235294117647
502.00,4587.666666666667,True,0,0,0,0,0,0,22.48235294117647
503.00,4578.666666666667,True,0,0,0,0,0,0,22.48235294117647
504.00,4577.5,True,0,0,0,0,0,0,22.48235294117647
505.00,4568.333333333333,True,0,0,0,0,0,0,22.48235294117647
506.00,4578.5,True,0,0,0,0,0,0,22.48235294117647
507.00,4589.166666666667,True,0,0,0,0,0,0,22.48235294117647
508.00,4567.833333333333,True,0,0,0,0,0,0,22.48235294117647
509.00,4577.5,True,0,0,0,0,0,0,22.48235294117647
510.00,4578.166666666667,True,0,0,0,0,0,0,22.48235294117647
511.00,4589.0,True,0,0,0,0,0,0,22.48235294117647
512.00,4568.0,True,0,0,0,0,0,0,22.48235294117647
513.00,4589.0,True,0,0,0,0,0,0,22.48235294117647
514.00,4578.666666666667,True,0,0,0,0,0,0,22.48235294117647
515.00,4578.833333333333,True,0,0,0,0,0,0,22.48235294117647
516.00,4567.666666666667,True,0,0,0,0,0,0,22.48235294117647
517.00,4588.0,True,0,0,0,0,0,0,22.48235294117647
518.00,4578.0,True,0,0,0,0,0,0,22.48235294117647
519.00,4577.833333333333,True,0,0,0,0,0,0,22.48235294117647
520.00,4567.5,True,0,0,0,0,0,0,22.48235294117647
521.00,4589.166666666667,True,0,0,0,0,0,0,22.48235294117647
522.00,4567.166666666667,True,0,0,0,0,0,0,22.48235294117647
523.00,4577.666666666667,True,0,0,0,0,0,0,22.48235294117647
524.00,4578.833333333333,True,0,0,0,0,0,0,22.48235294117647
525.00,4578.833333333333,True,0,0,0,0,0,0,22.48235294117647
526.00,4587.166666666667,True,0,0,0,0,0,0,22.48235294117647
527.00,4579.166666666667,True,0,0,0,0,0,0,22.48235294117647
528.00,4568.333333333333,True,0,0,0,0,0,0,22.48235294117647
529.00,4587.666666666667,True,0,0,0,0,0,0,22.48235294117647
530.00,4568.5,True,0,0,0,0,0,0,22.48235294117647
531.00,4587.166666666667,True,0,0,0,0,0,0,22.48235294117647
532.00,4578.333333333333,True,0,0,0,0,0,0,22.48235294117647
533.00,4567.5,True,0,0,0,0,0,0,22.48235294117647
534.00,4588.166666666667,True,0,0,0,0,0,0,22.48235294117647
535.00,4568.0,True,0,0,0,0,0,0,22.48235294117647
536.00,4577.5,True,0,0,0,0,0,0,22.48235294117647
537.00,4588.333333333333,True,0,0,0,0,0,0,22.48235294117647
538.00,4577.666666666667,True,0,0,0,0,0,0,22.48235294117647
539.00,4568.333333333333,True,0,0,0,0,0,0,22.48235294117647
540.00,4588.333333333333,True,0,0,0,0,0,0,22.48235294117647
541.00,4567.5,True,0,0,0,0,0,0,22.48235294117647
542.00,4587.5,True,0,0,0,0,0,0,22.48235294117647
543.00,4567.5,True,0,0,0,0,0,0,22.48235294117647
544.00,4588.5,True,0,0,0,0,0,0,22.48235294117647
545.00,4568.5,True,0,0,0,0,0,0,22.48235294117647
546.00,4577.833333333333,True,0,0,0,0,0,0,22.48235294117647
547.00,4578.0,True,0,0,0,0,0,0,22.48235294117647
548.00,4578.333333333333,True,0,0,0,0,0,0,22.48235294117647
549.00,4578.0,True,0,0,0,0,0,0,22.48235294117647
550.00,4577.833333333333,True,0,0,0,0,0,0,22.48235294117647
551.00,4587.333333333333,True,0,0,0,0,0,0,22.48235294117647
552.00,4568.166666666667,True,0,0,0,0,0,0,22.48235294117647
553.00,4577.166666666667,True,0,0,0,0,0,0,22.48235294117647
554.00,4588.5,True,0,0,0,0,0,0,22.48235294117647
555.00,4567.833333333333,True,0,0,0,0,0,0,22.48235294117647
556.00,4577.5,True,0,0,0,0,0,0,22.48235294117647
557.00,4577.5,True,0,0,0,0,0,0,22.48235294117647
558.00,4578.833333333333,True,0,0,0,0,0,0,22.48235294117647
559.00,4576.833333333333,True,0,0,0,0,0,0,22.48235294117647
560.00,4588.5,True,0,0,0,0,0,0,22.48235294117647
561.00,4578.0,True,0,0,0,0,0,0,22.48235294117647
562.00,4567.333333333333,True,0,0,0,0,0,0,22.48235294117647
563.00,4588.333333333333,True,0,0,0,0,0,0,22.48235294117647
564.00,4568.333333333333,True,0,0,0,0,0,0,22.48235294117647
565.00,4587.833333333333,True,0,0,0,0,0,0,22.48235294117647
566.00,4578.0,True,0,0,0,0,0,0,22.48235294117647
567.00,4567.5,True,0,0,0,0,0,0,22.48235294117647
568.00,4588.666666666667,True,0,0,0,0,0,0,22.48235294117647
569.00,4578.166666666667,True,0,0,0,0,0,0,22.48235294117647
570.00,4569.0,True,0,0,0,0,0,0,22.48235294117647
571.00,4587.666666666667,True,0,0,0,0,0,0,22.48235294117647
572.00,4577.666666666667,True,0,0,0,0,0,0,22.48235294117647
573.00,4567.333333333333,True,0,0,0,0,0,0,22.48235294117647
574.00,4578.833333333333,True,0,0,0,0,0,0,22.48235294117647
575.00,4577.833333333333,True,0,0,0,0,0,0,22.48235294117647
576.00,4588.5,True,0,0,0,0,0,0,22.48235294117647
577.00,4567.5,True,0,0,0,0,0,0,22.48235294117647
578.00,4578.166666666667,True,0,0,0,0,0,0,22.48235294117647
579.00,4567.5,True,0,0,0,0,0,0,22.48235294117647
580.00,4582.5,True,0,0,0,0,0,0,22.48235294117647
581.00,4578.0,True,0,0,0,0,0,0,22.48235294117647
582.00,4560.166666666667,True,0,0,0,0,0,0,22.48235294117647
583.00,4567.5,True,0,0,0,0,0,0,22.48235294117647
584.00,4587.666666666667,True,0,0,0,0,0,0,22.48235294117647
585.00,4568.0,True,0,0,0,0,0,0,22.48235294117647
586.00,4577.833333333333,True,0,0,0,0,0,0,22.48235294117647
587.00,4577.0,True,0,0,0,0,0,0,22.48235294117647
588.00,4575.666666666667,True,0,0,0,0,0,0,22.48235294117647
589.00,4586.5,True,0,0,0,0,0,0,22.48235294117647
590.00,4566.166666666667,True,0,0,0,0,0,0,22.48235294117647
591.00,4575.5,True,0,0,0,0,0,0,22.48235294117647
592.00,4576.666666666667,True,0,0,0,0,0,0,22.48235294117647
593.00,4575.666666666667,True,0,0,0,0,0,0,22.48235294117647
594.00,4586.5,True,0,0,0,0,0,0,22.48235294117647
595.00,4577.333333333333,True,0,0,0,0,0,0,22.48235294117647
596.00,4577.333333333333,True,0,0,0,0,0,0,22.48235294117647
597.00,4566.833333333333,True,0,0,0,0,0,0,22.48235294117647
598.00,4577.666666666667,True,0,0,0,0,0,0,22.48235294117647
599.00,4586.0,True,0,0,0,0,0,0,22.48235294117647
600.00,4577.5,True,0,0,0,0,0,0,22.48235294117647
601.00,4567.833333333333,True,0,0,0,0,0,0,22.48235294117647
602.00,4575.666666666667,True,0,0,0,0,0,0,22.48235294117647
603.00,4577.166666666667,True,0,0,0,0,0,0,22.48235294117647
604.00,4577.666666666667,True,0,0,0,0,0,0,22.48235294117647
605.00,4587.5,True,0,0,0,0,0,0,22.48235294117647
606.00,4566.666666666667,True,0,0,0,0,0,0,22.48235294117647
607.00,4587.666666666667,True,0,0,0,0,0,0,22.48235294117647
608.00,4565.5,True,0,0,0,0,0,0,22.48235294117647
609.00,4586.5,True,0,0,0,0,0,0,22.48235294117647
610.00,4577.666666666667,True,0,0,0,0,0,0,22.48235294117647
611.00,4565.5,True,0,0,0,0,0,0,22.48235294117647
612.00,4576.5,True,0,0,0,0,0,0,22.48235294117647
613.00,4577.5,True,0,0,0,0,0,0,22.48235294117647
614.00,4575.5,True,0,0,0,0,0,0,22.48235294117647
615.00,4587.0,True,0,0,0,0,0,0,22.48235294117647
616.00,4566.166666666667,True,0,0,0,0,0,0,22.48235294117647
617.00,4579.166666666667,True,0,0,0,0,0,0,22.48235294117647
618.00,4586.5,True,0,0,0,0,0,0,22.48235294117647
619.00,4577.166666666667,True,0,0,0,0,0,0,22.48235294117647
620.00,4578.0,True,0,0,0,0,0,0,22.48235294117647
621.00,4566.833333333333,True,0,0,0,0,0,0,22.48235294117647
622.00,4577.166666666667,True,0,0,0,0,0,0,22.48235294117647
623.00,4577.166666666667,True,0,0,0,0,0,0,22.48235294117647
624.00,4588.0,True,0,0,0,0,0,0,22.48235294117647
625.00,4577.0,True,0,0,0,0,0,0,22.48235294117647
626.00,4568.333333333333,True,0,0,0,0,0,0,22.48235294117647
627.00,4586.666666666667,True,0,0,0,0,0,0,22.48235294117647
628.00,4567.333333333333,True,0,0,0,0,0,0,22.48235294117647
629.00,4577.666666666667,True,0,0,0,0,0,0,22.48235294117647
630.00,4587.166666666667,True,0,0,0,0,0,0,22.48235294117647
631.00,4567.666666666667,True,0,0,0,0,0,0,22.48235294117647
632.00,4575.833333333333,True,0,0,0,0,0,0,22.48235294117647
633.00,4577.833333333333,True,0,0,0,0,0,0,22.48235294117647
634.00,4576.333333333333,True,0,0,0,0,0,0,22.48235294117647
635.00,4575.0,True,0,0,0,0,0,0,22.48235294117647
636.00,4578.0,True,0,0,0,0,0,0,22.48235294117647
637.00,4575.833333333333,True,0,0,0,0,0,0,22.48235294117647
638.00,4575.833333333333,True,0,0,0,0,0,0,22.48235294117647
639.00,4575.666666666667,True,0,0,0,0,0,0,22.48235294117647
640.00,4577.5,True,0,0,0,0,0,0,22.48235294117647
641.00,4575.166666666667,True,0,0,0,0,0,0,22.48235294117647
642.00,4576.166666666667,True,0,0,0,0,0,0,22.48235294117647
643.00,4576.5,True,0,0,0,0,0,0,22.48235294117647
644.00,4575.833333333333,True,0,0,0,0,0,0,22.48235294117647
645.00,4577.0,True,0,0,0,0,0,0,22.48235294117647
646.00,4578.5,True,0,0,0,0,0,0,22.48235294117647
647.00,4576.5,True,0,0,0,0,0,0,22.48235294117647
648.00,4577.166666666667,True,0,0,0,0,0,0,22.48235294117647
649.00,4579.0,True,0,0,0,0,0,0,22.48235294117647
650.00,4576.666666666667,True,0,0,0,0,0,0,22.48235294117647
651.00,4576.0,True,0,0,0,0,0,0,22.48235294117647
652.00,4577.666666666667,True,0,0,0,0,0,0,22.48235294117647
653.00,4576.833333333333,True,0,0,0,0,0,0,22.48235294117647
654.00,4577.0,True,0,0,0,0,0,0,22.48235294117647
655.00,4576.666666666667,True,0,0,0,0,0,0,22.48235294117647
656.00,4576.333333333333,True,0,0,0,0,0,0,22.48235294117647
657.00,4574.833333333333,True,0,0,0,0,0,0,22.48235294117647
658.00,4574.5,True,0,0,0,0,0,0,22.48235294117647
659.00,4577.833333333333,True,0,0,0,0,0,0,22.48235294117647
660.00,4575.333333333333,True,0,0,0,0,0,0,22.48235294117647
661.00,4574.666666666667,True,0,0,0,0,0,0,22.48235294117647
662.00,4577.5,True,0,0,0,0,0,0,22.48235294117647
663.00,4574.5,True,0,0,0,0,0,0,22.48235294117647
664.00,4575.666666666667,True,0,0,0,0,0,0,22.48235294117647
665.00,4577.0,True,0,0,0,0,0,0,22.48235294117647
666.00,4576.0,True,0,0,0,0,0,0,22.48235294117647
667.00,4577.166666666667,True,0,0,0,0,0,0,22.48235294117647
668.00,4576.666666666667,True,0,0,0,0,0,0,22.48235294117647
669.00,4576.5,True,0,0,0,0,0,0,22.48235294117647
670.00,4574.666666666667,True,0,0,0,0,0,0,22.48235294117647
671.00,4575.833333333333,True,0,0,0,0,0,0,22.48235294117647
672.00,4576.166666666667,True,0,0,0,0,0,0,22.48235294117647
673.00,4575.333333333333,True,0,0,0,0,0,0,22.48235294117647
674.00,4574.166666666667,True,0,0,0,0,0,0,22.48235294117647
675.00,4575.666666666667,True,0,0,0,0,0,0,22.48235294117647
676.00,4573.833333333333,True,0,0,0,0,0,0,22.48235294117647
677.00,4574.166666666667,True,0,0,0,0,0,0,22.48235294117647
678.00,4575.666666666667,True,0,0,0,0,0,0,22.48235294117647
679.00,4574.166666666667,True,0,0,0,0,0,0,22.48235294117647
680.00,4572.333333333333,True,0,0,0,0,0,0,22.48235294117647
681.00,4573.833333333333,True,0,0,0,0,0,0,22.48235294117647
682.00,4575.5,True,0,0,0,0,0,0,22.48235294117647
683.00,4575.333333333333,True,0,0,0,0,0,0,22.48235294117647
684.00,4572.833333333333,True,0,0,0,0,0,0,22.48235294117647
685.00,4574.5,True,0,0,0,0,0,0,22.48235294117647
686.00,4575.5,True,0,0,0,0,0,0,22.48235294117647
687.00,4574.833333333333,True,0,0,0,0,0,0,22.48235294117647
688.00,4575.0,True,0,0,0,0,0,0,22.48235294117647
689.00,4576.5,True,0,0,0,0,0,0,22.48235294117647
690.00,4575.5,True,0,0,0,0,0,0,22.48235294117647
691.00,4574.333333333333,True,0,0,0,0,0,0,22.48235294117647
692.00,4576.666666666667,True,0,0,0,0,0,0,22.48235294117647
693.00,4573.833333333333,True,0,0,0,0,0,0,22.48235294117647
694.00,4577.5,True,0,0,0,0,0,0,22.48235294117647
695.00,4575.0,True,0,0,0,0,0,0,22.48235294117647
696.00,4576.166666666667,True,0,0,0,0,0,0,22.48235294117647
697.00,4573.666666666667,True,0,0,0,0,0,0,22.48235294117647
698.00,4574.666666666667,True,0,0,0,0,0,0,22.48235294117647
699.00,4574.833333333333,True,0,0,0,0,0,0,22.48235294117647
700.00,3085.6666666666665,True,0,0,0,0,0,0,22.48235294117647
701.00,4575.0,True,0,0,0,0,0,0,22.48235294117647
702.00,4574.0,True,0,0,0,0,0,0,22.48235294117647
703.00,4573.5,True,0,0,0,0,0,0,22.48235294117647
704.00,4574.833333333333,True,0,0,0,0,0,0,22.48235294117647
705.00,4574.0,True,0,0,0,0,0,0,22.48235294117647
706.00,4573.333333333333,True,0,0,0,0,0,0,22.48235294117647
707.00,4575.166666666667,True,0,0,0,0,0,0,22.48235294117647
708.00,4575.666666666667,True,0,0,0,0,0,0,22.48235294117647
709.00,4574.5,True,0,0,0,0,0,0,22.48235294117647
710.00,4576.166666666667,True,0,0,0,0,0,0,22.48235294117647
711.00,4575.5,True,0,0,0,0,0,0,22.48235294117647
712.00,4574.833333333333,True,0,0,0,0,0,0,22.48235294117647
713.00,4576.0,True,0,0,0,0,0,0,22.48235294117647
714.00,4575.5,True,0,0,0,0,0,0,22.48235294117647
715.00,4575.166666666667,True,0,0,0,0,0,0,22.48235294117647
716.00,4575.5,True,0,0,0,0,0,0,22.48235294117647
717.00,4576.0,True,0,0,0,0,0,0,22.48235294117647
718.00,4575.5,True,0,0,0,0,0,0,22.48235294117647
719.00,4576.833333333333,True,0,0,0,0,0,0,22.48235294117647
720.00,4576.166666666667,True,0,0,0,0,0,0,22.48235294117647
721.00,4575.5,True,0,0,0,0,0,0,22.48235294117647
722.00,4575.833333333333,True,0,0,0,0,0,0,22.48235294117647
723.00,4577.333333333333,True,0,0,0,0,0,0,22.48235294117647
724.00,4574.666666666667,True,0,0,0,0,0,0,22.48235294117647
725.00,4576.333333333333,True,0,0,0,0,0,0,22.48235294117647
726.00,4574.833333333333,True,0,0,0,0,0,0,22.48235294117647
727.00,4576.333333333333,True,0,0,0,0,0,0,22.48235294117647
728.00,4574.333333333333,True,0,0,0,0,0,0,22.48235294117647
729.00,4573.333333333333,True,0,0,0,0,0,0,22.48235294117647
730.00,4575.166666666667,True,0,0,0,0,0,0,22.48235294117647
731.00,4574.833333333333,True,0,0,0,0,0,0,22.48235294117647
732.00,4574.666666666667,True,0,0,0,0,0,0,22.48235294117647
733.00,4575.5,True,0,0,0,0,0,0,22.48235294117647
734.00,4573.5,True,0,0,0,0,0,0,22.48235294117647
735.00,4572.833333333333,True,0,0,0,0,0,0,22.48235294117647
736.00,4574.5,True,0,0,0,0,0,0,22.48235294117647
737.00,4572.166666666667,True,0,0,0,0,0,0,22.48235294117647
738.00,4573.666666666667,True,0,0,0,0,0,0,22.48235294117647
739.00,4574.333333333333,True,0,0,0,0,0,0,22.48235294117647
740.00,4574.666666666667,True,0,0,0,0,0,0,22.48235294117647
741.00,4572.166666666667,True,0,0,0,0,0,0,22.48235294117647
742.00,4575.0,True,0,0,0,0,0,0,22.48235294117647
743.00,4573.0,True,0,0,0,0,0,0,22.48235294117647
744.00,4573.666666666667,True,0,0,0,0,0,0,22.48235294117647
745.00,4574.5,True,0,0,0,0,0,0,22.48235294117647
746.00,4573.333333333333,True,0,0,0,0,0,0,22.48235294117647
747.00,4572.0,True,0,0,0,0,0,0,22.48235294117647
748.00,4574.833333333333,True,0,0,0,0,0,0,22.48235294117647
749.00,4575.833333333333,True,0,0,0,0,0,0,22.48235294117647
750.00,4573.0,True,0,0,0,0,0,0,22.48235294117647
751.00,4571.166666666667,True,0,0,0,0,0,0,22.48235294117647
752.00,4571.166666666667,True,0,0,0,0,0,0,22.48235294117647
753.00,4572.166666666667,True,0,0,0,0,0,0,22.48235294117647
754.00,4571.5,True,0,0,0,0,0,0,22.48235294117647
755.00,4573.5,True,0,0,0,0,0,0,22.48235294117647
756.00,4573.5,True,0,0,0,0,0,0,22.48235294117647
757.00,4574.0,True,0,0,0,0,0,0,22.48235294117647
758.00,4573.166666666667,True,0,0,0,0,0,0,22.48235294117647
759.00,4574.0,True,0,0,0,0,0,0,22.48235294117647
760.00,4573.666666666667,True,0,0,0,0,0,0,22.48235294117647
761.00,4573.833333333333,True,0,0,0,0,0,0,22.48235294117647
762.00,4573.666666666667,True,0,0,0,0,0,0,22.48235294117647
763.00,4576.666666666667,True,0,0,0,0,0,0,22.48235294117647
764.00,4574.0,True,0,0,0,0,0,0,22.48235294117647
765.00,4573.166666666667,True,0,0,0,0,0,0,22.48235294117647
766.00,4573.833333333333,True,0,0,0,0,0,0,22.48235294117647
767.00,4573.833333333333,True,0,0,0,0,0,0,22.48235294117647
768.00,4574.333333333333,True,0,0,0,0,0,0,22.48235294117647
769.00,4572.333333333333,True,0,0,0,0,0,0,22.48235294117647
770.00,4574.166666666667,True,0,0,0,0,0,0,22.48235294117647
771.00,4573.0,True,0,0,0,0,0,0,22.48235294117647
772.00,4573.5,True,0,0,0,0,0,0,22.48235294117647
773.00,4574.833333333333,True,0,0,0,0,0,0,22.48235294117647
774.00,4573.833333333333,True,0,0,0,0,0,0,22.48235294117647
775.00,4575.166666666667,True,0,0,0,0,0,0,22.48235294117647
776.00,4573.0,True,0,0,0,0,0,0,22.48235294117647
777.00,4576.0,True,0,0,0,0,0,0,22.48235294117647
778.00,4574.5,True,0,0,0,0,0,0,22.48235294117647
779.00,4574.833333333333,True,0,0,0,0,0,0,22.48235294117647
780.00,4574.166666666667,True,0,0,0,0,0,0,22.48235294117647
781.00,4574.833333333333,True,0,0,0,0,0,0,22.48235294117647
782.00,4572.666666666667,True,0,0,0,0,0,0,22.48235294117647
783.00,4574.666666666667,True,0,0,0,0,0,0,22.48235294117647
784.00,4572.166666666667,True,0,0,0,0,0,0,22.48235294117647
785.00,4575.333333333333,True,0,0,0,0,0,0,22.48235294117647
786.00,4573.833333333333,True,0,0,0,0,0,0,22.48235294117647
787.00,4574.833333333333,True,0,0,0,0,0,0,22.48235294117647
788.00,4575.333333333333,True,0,0,0,0,0,0,22.48235294117647
789.00,4576.333333333333,True,0,0,0,0,0,0,22.48235294117647
790.00,4571.333333333333,True,0,0,0,0,0,0,22.48235294117647
791.00,4576.0,True,0,0,0,0,0,0,22.48235294117647
792.00,4574.0,True,0,0,0,0,0,0,22.48235294117647
793.00,4574.333333333333,True,0,0,0,0,0,0,22.48235294117647
794.00,4572.166666666667,True,0,0,0,0,0,0,22.48235294117647
795.00,4574.0,True,0,0,0,0,0,0,22.48235294117647
796.00,4573.833333333333,True,0,0,0,0,0,0,22.48235294117647
797.00,4573.333333333333,True,0,0,0,0,0,0,22.48235294117647
798.00,4573.0,True,0,0,0,0,0,0,22.48235294117647
799.00,4572.333333333333,True,0,0,0,0,0,0,22.48235294117647
800.00,4573.833333333333,True,0,0,0,0,0,0,22.48235294117647
801.00,4572.0,True,0,0,0,0,0,0,22.48235294117647
802.00,4572.0,True,0,0,0,0,0,0,22.48235294117647
803.00,4574.166666666667,True,0,0,0,0,0,0,22.48235294117647
804.00,4573.5,True,0,0,0,0,0,0,22.48235294117647
805.00,4574.833333333333,True,0,0,0,0,0,0,22.48235294117647
806.00,4573.666666666667,True,0,0,0,0,0,0,22.48235294117647
807.00,4572.0,True,0,0,0,0,0,0,22.48235294117647
808.00,4574.166666666667,True,0,0,0,0,0,0,22.48235294117647
809.00,4572.333333333333,True,0,0,0,0,0,0,22.48235294117647
810.00,4573.0,True,0,0,0,0,0,0,22.48235294117647
811.00,4575.0,True,0,0,0,0,0,0,22.48235294117647
812.00,4573.333333333333,True,0,0,0,0,0,0,22.48235294117647
813.00,4574.0,True,0,0,0,0,0,0,22.48235294117647
814.00,4572.5,True,0,0,0,0,0,0,22.48235294117647
815.00,4573.166666666667,True,0,0,0,0,0,0,22.48235294117647
816.00,4572.833333333333,True,0,0,0,0,0,0,22.48235294117647
817.00,4573.166666666667,True,0,0,0,0,0,0,22.48235294117647
818.00,4572.333333333333,True,0,0,0,0,0,0,22.48235294117647
819.00,4573.333333333333,True,0,0,0,0,0,0,22.48235294117647
820.00,4570.666666666667,True,0,0,0,0,0,0,22.48235294117647
821.00,4573.166666666667,True,0,0,0,0,0,0,22.48235294117647
822.00,4572.166666666667,True,0,0,0,0,0,0,22.48235294117647
