Time [s]	Intensity A	Laser On	AcX	AcY	AcZ	GyX	GyY	GyZ	Ard Temp [C])	MPU Temp [C]
1	0.0	False	1.03	-0.02	-0.09	0.12	-0.21	-0.09	19.71	21.09
2	0.0	False	1.03	-0.02	-0.09	-0.12	0.06	-0.08	22.88	21.0
3	0.0	False	1.03	-0.02	-0.09	-0.09	0.08	0.03	22.88	21.0
4	0.0	False	1.03	-0.02	-0.09	-0.11	-0.08	-0.23	22.88	21.0
5	0.0	False	1.03	-0.02	-0.09	0.0	0.03	0.29	22.88	21.09
6	0.0	False	1.03	-0.02	-0.09	0.11	-0.08	0.12	22.79	21.09
7	0.0	False	1.03	-0.02	-0.09	-0.05	-0.15	0.09	22.88	21.09
8	0.0	False	1.02	-0.02	-0.09	0.02	0.06	-0.05	22.88	21.09
9	0.0	False	1.03	-0.02	-0.09	-0.02	-0.03	0.09	22.79	21.09
10	0.0	False	1.02	-0.02	-0.09	0.03	-0.09	0.18	22.88	21.09
11	0.0	False	1.03	-0.02	-0.1	0.15	0.05	0.15	22.88	21.0
12	0.0	False	1.03	-0.02	-0.09	-0.18	-0.06	0.03	22.79	21.09
13	0.0	False	1.02	-0.02	-0.09	0.03	0.18	0.08	22.88	21.09
14	0.0	False	1.02	-0.02	-0.09	-0.06	0.02	-0.11	22.88	21.04
15	0.0	False	1.03	-0.02	-0.09	0.05	-0.15	0.47	22.88	21.09
16	0.0	False	1.03	-0.02	-0.09	-0.02	-0.12	-0.03	22.79	21.0
17	0.0	False	1.03	-0.02	-0.08	-0.21	0.03	0.03	22.88	21.14
18	0.0	False	1.03	-0.02	-0.09	-0.02	-0.08	-0.06	22.88	21.04
19	0.0	False	1.02	-0.02	-0.09	-0.09	0.02	-0.12	22.88	21.04
20	0.0	False	1.03	-0.02	-0.09	0.03	0.02	0.11	22.88	21.04
21	0.0	False	1.02	-0.02	-0.08	0.15	0.06	-0.08	22.79	21.09
22	0.0	False	1.03	-0.02	-0.09	-0.05	0.09	-0.02	22.79	20.95
23	0.0	False	1.04	-0.02	-0.1	-0.05	0.26	-0.09	22.79	21.04
24	0.0	False	1.03	-0.02	-0.08	0.03	0.0	-0.05	22.88	21.09
25	0.0	False	1.03	-0.02	-0.09	-0.06	-0.05	0.03	22.79	20.95
26	0.0	False	1.03	-0.02	-0.09	-0.05	-0.06	0.12	22.88	21.04
27	0.0	False	1.03	-0.02	-0.08	-0.06	-0.02	0.0	22.88	21.04
28	0.0	False	1.03	-0.02	-0.09	-0.03	-0.08	-0.05	22.88	21.09
29	0.0	False	1.03	-0.02	-0.09	0.12	-0.03	0.06	22.88	21.0
30	0.0	False	1.02	-0.02	-0.08	-0.02	0.09	0.15	22.88	21.09
31	0.0	False	1.03	-0.02	-0.09	-0.08	-0.09	-0.14	22.79	21.09
32	0.0	False	1.03	-0.02	-0.09	-0.05	0.0	0.15	22.79	21.14
33	0.0	False	1.03	-0.02	-0.09	0.27	-0.03	-0.11	22.79	21.09
34	0.0	False	1.02	-0.02	-0.1	0.06	-0.11	-0.03	22.79	21.09
35	0.0	False	1.03	-0.02	-0.09	0.11	0.09	0.03	22.79	21.19
36	0.0	False	1.03	-0.02	-0.09	-0.03	-0.06	-0.03	22.79	21.09
37	0.0	False	1.03	-0.03	-0.09	-0.11	-0.12	0.15	22.79	21.09
38	0.0	False	1.03	-0.02	-0.09	-0.02	0.12	0.09	22.79	21.09
39	0.0	False	1.03	-0.02	-0.08	-0.03	0.05	-0.02	22.79	21.14
40	0.0	False	1.03	-0.02	-0.09	0.09	0.23	0.08	22.79	21.09
41	0.0	False	1.02	-0.02	-0.09	0.18	0.03	0.03	22.79	21.04
42	0.0	False	1.03	-0.02	-0.09	0.02	0.17	0.03	22.79	21.14
43	0.0	False	1.03	-0.02	-0.08	0.12	0.26	0.06	22.79	21.09
44	0.0	False	1.03	-0.02	-0.08	0.05	-0.18	0.12	22.88	21.09
45	0.0	False	1.03	-0.02	-0.09	-0.12	-0.03	0.06	22.79	21.09
46	0.0	False	1.03	-0.02	-0.1	-0.11	-0.06	-0.2	22.79	21.19
47	0.0	False	1.03	-0.02	-0.09	0.0	-0.2	0.0	22.88	21.09
48	0.0	False	1.03	-0.02	-0.08	-0.11	-0.2	0.03	22.79	21.04
49	0.0	False	1.03	-0.02	-0.08	-0.08	0.05	0.05	22.79	21.14
50	0.0	False	1.04	-0.02	-0.1	-0.02	-0.02	-0.17	22.79	21.04
51	0.0	False	1.03	-0.02	-0.09	0.02	0.03	0.21	22.88	21.09
52	0.0	False	1.03	-0.02	-0.09	0.06	0.03	-0.11	22.79	21.0
53	0.0	False	1.03	-0.02	-0.09	0.11	-0.15	-0.05	22.79	21.04
54	0.0	False	1.03	-0.02	-0.1	-0.03	-0.08	0.27	22.88	21.04
55	0.0	False	1.02	-0.02	-0.09	-0.02	0.06	-0.03	22.79	21.19
56	0.0	False	1.03	-0.02	-0.09	-0.02	0.09	0.12	22.79	21.14
57	0.0	False	1.02	-0.02	-0.1	-0.03	-0.06	-0.17	22.79	21.0
58	0.0	False	1.03	-0.02	-0.09	-0.03	-0.05	0.11	22.88	21.09
59	0.0	False	1.02	-0.02	-0.09	0.0	-0.2	0.02	22.88	21.09
60	0.0	False	1.03	-0.02	-0.09	-0.08	0.05	0.15	22.79	21.09
61	0.0	False	1.02	-0.03	-0.09	-0.02	0.08	0.02	22.88	21.09
62	0.0	False	1.03	-0.02	-0.09	-0.02	-0.05	0.17	22.79	21.04
63	19796.0	False	1.03	-0.02	-0.09	-0.18	0.02	-0.02	22.71	21.14
64	20442.0	False	1.02	-0.02	-0.1	0.12	0.06	-0.02	22.79	21.0
65	20433.0	False	1.03	-0.02	-0.09	0.05	-0.02	0.15	22.71	21.09
66	20430.0	False	1.02	-0.02	-0.09	0.03	-0.09	-0.08	22.71	21.14
67	20445.0	False	1.03	-0.02	-0.09	0.0	-0.08	0.09	22.71	21.09
68	20447.0	False	1.03	-0.02	-0.08	0.02	-0.02	-0.05	22.79	21.0
69	20443.0	False	1.03	-0.01	-0.08	-0.08	0.06	-0.15	22.71	21.19
70	20468.0	False	1.03	-0.02	-0.09	-0.14	0.06	-0.05	22.79	21.19
71	20457.0	False	1.03	-0.03	-0.09	0.08	-0.12	-0.05	22.79	21.0
72	20445.0	False	1.02	-0.02	-0.09	-0.11	0.17	0.09	22.71	21.14
73	20448.0	False	1.03	-0.02	-0.09	-0.14	-0.02	0.09	22.79	21.19
74	20504.0	False	1.03	-0.02	-0.09	0.0	-0.05	0.17	22.79	21.09
75	20506.0	False	1.03	-0.02	-0.09	0.02	0.06	-0.12	22.79	21.19
76	20490.0	False	1.02	-0.02	-0.09	-0.14	0.09	0.05	22.79	21.14
77	20502.0	False	1.03	-0.02	-0.09	0.12	-0.21	0.0	22.71	21.23
78	20500.0	False	1.03	-0.02	-0.09	0.03	0.05	-0.09	22.71	21.14
79	20497.0	False	1.03	-0.02	-0.08	-0.03	0.0	-0.02	22.71	21.09
80	20485.0	False	1.02	-0.03	-0.09	0.02	0.03	-0.06	22.79	21.09
81	20433.0	False	1.03	-0.02	-0.09	0.02	0.2	0.12	22.79	21.09
82	20443.0	False	1.03	-0.01	-0.09	-0.12	-0.21	0.12	22.79	21.09
83	20437.0	False	1.03	-0.02	-0.09	-0.09	0.2	-0.03	22.71	21.09
84	20436.0	False	1.03	-0.02	-0.09	-0.09	-0.15	0.05	22.79	21.14
85	20439.0	False	1.03	-0.02	-0.09	-0.14	-0.02	0.03	22.79	21.19
86	20429.0	False	1.02	-0.03	-0.09	-0.09	0.06	0.09	22.71	21.23
87	20430.0	False	1.03	-0.02	-0.09	0.03	0.08	-0.08	22.79	21.09
88	20434.0	False	1.03	-0.02	-0.09	0.02	0.08	0.08	22.71	21.23
89	20432.0	False	1.03	-0.02	-0.1	-0.14	-0.05	0.14	22.79	21.14
90	20441.0	False	1.02	-0.02	-0.08	0.06	0.03	0.03	22.79	21.14
91	20443.0	False	1.03	-0.02	-0.09	-0.12	0.09	0.14	22.79	21.09
92	20436.0	False	1.03	-0.02	-0.09	0.06	0.06	0.11	22.79	21.09
93	20441.0	False	1.03	-0.02	-0.09	0.0	0.09	0.06	22.79	21.14
94	20449.0	False	1.02	-0.02	-0.09	0.0	0.02	0.15	22.79	21.04
95	20430.0	False	1.03	-0.02	-0.1	-0.05	-0.05	0.14	22.79	21.09
96	20428.0	False	1.03	-0.02	-0.09	-0.11	-0.06	-0.06	22.79	21.19
97	20451.0	False	1.03	-0.02	-0.09	-0.02	-0.12	-0.08	22.71	21.04
98	20444.0	False	1.03	-0.02	-0.09	-0.06	0.17	-0.12	22.79	21.14
99	20452.0	False	1.03	-0.02	-0.09	0.06	0.02	0.0	22.79	21.0
100	20442.0	False	1.03	-0.02	-0.09	-0.03	-0.05	0.09	22.79	21.0
101	20479.0	False	1.03	-0.02	-0.09	0.2	-0.14	-0.15	22.71	21.09
102	20508.0	False	1.03	-0.02	-0.09	-0.09	-0.03	-0.03	22.71	21.14
103	20502.0	False	1.03	-0.02	-0.09	-0.11	0.0	0.17	22.79	21.09
104	20447.0	False	1.02	-0.02	-0.09	-0.17	-0.06	-0.05	22.79	21.14
105	20470.0	False	1.03	-0.02	-0.09	-0.09	0.23	0.02	22.79	21.14
106	20511.0	False	1.02	-0.02	-0.09	-0.02	-0.21	0.08	22.71	21.04
107	20473.0	False	1.03	-0.02	-0.09	0.11	-0.14	-0.08	22.71	21.14
108	20460.0	False	1.03	-0.02	-0.09	-0.08	-0.06	-0.09	22.79	21.09
109	20478.0	False	1.02	-0.02	-0.09	-0.11	-0.05	0.08	22.79	21.09
110	20512.0	False	1.03	-0.02	-0.09	-0.17	0.03	0.0	22.79	21.19
111	20458.0	False	1.04	-0.02	-0.09	-0.14	0.12	0.09	22.71	21.19
112	20467.0	False	1.03	-0.02	-0.09	-0.08	0.03	-0.06	22.79	21.09
113	20521.0	False	1.03	-0.03	-0.09	-0.11	-0.03	0.15	22.71	21.09
114	20492.0	False	1.03	-0.02	-0.09	-0.03	-0.09	0.02	22.79	21.09
115	20583.0	False	1.03	-0.02	-0.09	-0.03	-0.08	0.18	22.71	21.14
116	20550.0	False	1.03	-0.03	-0.09	-0.15	0.05	-0.12	22.71	21.19
117	20506.0	False	1.03	-0.02	-0.09	-0.02	-0.03	-0.17	22.71	21.09
118	20466.0	False	1.02	-0.02	-0.09	0.09	-0.06	0.12	22.79	21.09
119	20461.0	False	1.03	-0.02	-0.09	0.02	0.18	0.08	22.71	21.09
120	20439.0	False	1.03	-0.02	-0.09	-0.06	-0.11	0.24	22.79	21.14
121	20427.0	False	1.03	-0.02	-0.09	-0.02	-0.03	0.14	22.79	21.19
122	20463.0	False	1.03	-0.02	-0.09	0.05	-0.11	-0.18	22.71	21.09
123	20420.0	False	1.03	-0.02	-0.09	-0.03	0.03	-0.08	22.71	21.14
124	20447.0	False	1.03	-0.02	-0.09	0.08	-0.11	0.03	22.79	21.14
125	20448.0	False	1.03	-0.02	-0.09	0.08	0.09	-0.06	22.71	21.14
126	20463.0	False	1.03	-0.02	-0.08	-0.03	-0.08	-0.06	22.79	21.14
127	20456.0	False	1.03	-0.02	-0.09	0.15	0.0	0.0	22.79	21.09
128	20494.0	False	1.03	-0.02	-0.09	-0.08	0.21	0.05	22.79	21.09
129	20458.0	False	1.02	-0.03	-0.09	-0.11	-0.15	-0.11	22.79	21.19
130	20499.0	False	1.03	-0.02	-0.09	-0.05	-0.14	-0.02	22.79	21.19
131	20453.0	False	1.03	-0.02	-0.09	-0.02	-0.02	-0.02	22.71	21.23
132	20468.0	False	1.03	-0.03	-0.09	-0.03	0.06	0.03	22.79	21.28
133	20450.0	False	1.02	-0.01	-0.08	0.05	-0.14	0.02	22.79	21.04
134	20430.0	False	1.03	-0.02	-0.09	0.09	0.08	0.29	22.79	21.09
135	15665.0	False	1.02	-0.02	-0.09	-0.02	0.05	-0.05	22.79	21.14
136	15667.0	False	1.03	-0.03	-0.09	0.0	0.08	0.05	22.79	21.14
137	15665.0	False	1.03	-0.02	-0.08	0.05	0.05	0.05	22.71	21.04
138	15667.0	False	1.02	-0.03	-0.09	0.21	-0.06	0.12	22.71	21.04
139	15666.0	False	1.02	-0.02	-0.09	0.02	-0.15	0.09	22.71	21.14
140	15666.0	False	1.04	-0.02	-0.08	0.09	0.03	-0.11	22.71	21.14
141	15670.0	False	1.03	-0.01	-0.09	0.08	0.08	-0.06	22.71	21.19
142	15666.0	False	1.02	-0.02	-0.09	0.11	-0.17	0.11	22.79	21.19
143	15667.0	False	1.03	-0.02	-0.09	-0.2	0.05	-0.34	22.79	21.09
144	15667.0	False	1.03	-0.02	-0.08	-0.08	-0.06	0.08	22.79	21.14
145	15666.0	False	1.03	-0.02	-0.08	0.14	0.02	-0.06	22.79	21.19
146	15666.0	False	1.02	-0.02	-0.09	0.21	0.05	0.15	22.71	21.14
147	15667.0	False	1.03	-0.02	-0.1	-0.09	0.06	-0.15	22.79	21.19
148	15666.0	False	1.03	-0.02	-0.1	0.02	0.05	0.09	22.79	21.19
149	15666.0	False	1.03	-0.02	-0.09	0.06	0.09	0.12	22.79	21.14
150	15667.0	False	1.03	-0.02	-0.09	0.0	0.03	0.09	22.79	21.14
151	15666.0	False	1.03	-0.02	-0.08	-0.06	-0.32	-0.06	22.79	21.19
152	15667.0	False	1.03	-0.02	-0.09	-0.03	-0.2	0.02	22.71	21.19
153	15667.0	False	1.03	-0.02	-0.08	0.03	-0.05	0.05	22.79	21.14
154	15667.0	False	1.03	-0.02	-0.09	0.02	0.21	0.02	22.79	21.09
155	15668.0	False	1.02	-0.02	-0.09	0.08	-0.09	0.03	22.79	21.09
156	15668.0	False	1.03	-0.02	-0.09	0.21	0.0	0.03	22.79	21.14
157	15667.0	False	1.02	-0.02	-0.09	-0.11	0.08	0.02	22.71	21.14
158	15667.0	False	1.03	-0.02	-0.09	-0.03	0.06	-0.03	22.79	21.09
159	15667.0	False	1.03	-0.02	-0.09	0.08	-0.02	-0.03	22.79	21.14
160	15667.0	False	1.03	-0.02	-0.09	0.06	-0.06	0.03	22.79	21.19
161	15667.0	False	1.03	-0.03	-0.08	0.0	-0.06	0.02	22.79	21.14
162	15666.0	False	1.03	-0.02	-0.09	0.02	0.17	0.06	22.79	21.23
163	15667.0	False	1.03	-0.02	-0.09	0.02	0.21	-0.05	22.79	21.19
164	15667.0	False	1.03	-0.02	-0.09	-0.09	-0.08	0.14	22.71	21.09
165	15667.0	False	1.03	-0.02	-0.09	0.05	0.03	-0.09	22.79	21.19
166	15667.0	False	1.03	-0.02	-0.09	-0.14	0.03	-0.05	22.79	21.09
167	15667.0	False	1.03	-0.02	-0.09	-0.05	-0.05	0.05	22.79	21.04
168	15667.0	False	1.03	-0.02	-0.09	-0.15	-0.2	0.09	22.79	21.14
169	15416.0	False	1.03	-0.02	-0.08	0.03	-0.05	0.06	22.71	21.09
170	15667.0	False	1.03	-0.02	-0.09	0.09	0.15	-0.17	22.79	21.19
171	15667.0	False	1.03	-0.02	-0.08	-0.15	0.18	-0.06	22.79	21.04
172	15667.0	False	1.03	-0.02	-0.08	-0.05	0.05	-0.09	22.71	21.09
173	15666.0	False	1.03	-0.02	-0.07	0.08	-0.02	-0.06	22.79	21.09
174	15666.0	False	1.03	-0.02	-0.09	0.05	0.03	0.18	22.79	21.14
175	15667.0	False	1.03	-0.02	-0.09	0.14	0.09	-0.11	22.79	21.14
176	15666.0	False	1.03	-0.02	-0.09	0.05	-0.02	0.2	22.79	21.04
177	15667.0	False	1.03	-0.02	-0.09	0.11	0.03	0.06	22.79	21.14
178	15667.0	False	1.02	-0.02	-0.08	-0.09	0.12	0.05	22.79	21.14
179	15667.0	False	1.03	-0.03	-0.09	-0.11	0.03	-0.03	22.79	21.23
180	15667.0	False	1.03	-0.02	-0.09	0.03	0.12	-0.2	22.79	21.09
181	15668.0	False	1.03	-0.02	-0.08	-0.02	-0.21	0.05	22.71	21.09
182	15667.0	False	1.03	-0.02	-0.09	-0.06	-0.09	-0.12	22.71	21.19
183	15667.0	False	1.03	-0.02	-0.09	-0.11	0.14	-0.02	22.79	21.19
184	15667.0	False	1.02	-0.02	-0.09	0.12	-0.03	0.03	22.71	21.23
185	15667.0	False	1.03	-0.02	-0.08	0.05	-0.02	0.11	22.79	21.14
186	15667.0	False	1.03	-0.03	-0.08	-0.06	-0.06	-0.14	22.79	21.19
187	15667.0	False	1.03	-0.02	-0.08	0.0	-0.23	-0.14	22.79	21.19
188	15667.0	False	1.03	-0.02	-0.09	0.03	0.05	-0.12	22.79	21.09
189	15667.0	False	1.03	-0.02	-0.09	-0.12	-0.09	-0.08	22.79	21.14
190	15666.0	False	1.03	-0.02	-0.09	-0.15	-0.02	0.12	22.79	21.14
191	15667.0	False	1.03	-0.03	-0.09	-0.15	0.02	-0.14	22.71	21.19
192	15666.0	False	1.03	-0.02	-0.09	-0.08	0.05	0.15	22.79	21.14
193	15666.0	False	1.03	-0.03	-0.09	0.0	-0.34	0.02	22.79	21.23
194	15667.0	False	1.03	-0.02	-0.09	0.0	-0.02	0.02	22.71	21.14
195	15667.0	False	1.03	-0.02	-0.09	-0.03	0.2	0.17	22.71	21.09
196	15668.0	False	1.02	-0.02	-0.09	0.12	0.09	0.32	22.79	21.19
197	15668.0	False	1.03	-0.02	-0.09	-0.12	0.03	0.17	22.71	21.19
198	15667.0	False	1.03	-0.02	-0.09	0.06	0.12	0.03	22.79	21.09
199	15666.0	False	1.03	-0.02	-0.09	-0.06	-0.09	0.05	22.79	21.14
200	15667.0	False	1.03	-0.02	-0.09	-0.06	0.08	-0.06	22.79	21.14
201	15669.0	False	1.03	-0.02	-0.09	-0.2	0.08	0.03	22.71	21.14
202	15667.0	False	1.03	-0.02	-0.09	0.03	-0.09	-0.08	22.79	21.19
203	15668.0	False	1.02	-0.02	-0.09	0.08	-0.03	-0.09	22.71	21.19
204	15669.0	False	1.03	-0.02	-0.09	0.11	0.15	-0.17	22.79	21.23
205	15667.0	False	1.04	-0.02	-0.09	-0.15	0.09	0.29	22.79	21.09
206	15667.0	False	1.04	-0.02	-0.09	0.03	0.24	0.11	22.79	21.04
207	15666.0	False	1.03	-0.01	-0.09	-0.17	-0.06	0.0	22.79	21.19
208	12905.0	False	1.03	-0.02	-0.09	-0.09	0.12	-0.34	22.79	21.09
209	12917.0	False	1.03	-0.03	-0.09	-0.08	0.09	-0.21	22.79	21.14
210	12923.0	False	1.03	-0.02	-0.09	-0.09	0.15	0.06	22.79	21.19
211	12924.0	False	1.03	-0.02	-0.09	-0.03	-0.05	0.0	22.71	21.23
212	12930.0	False	1.03	-0.02	-0.09	0.05	-0.17	-0.03	22.79	21.14
213	12923.0	False	1.03	-0.02	-0.08	-0.14	0.06	0.09	22.88	21.14
214	12940.0	False	1.02	-0.02	-0.09	0.17	0.08	0.0	22.79	21.14
215	12960.0	False	1.03	-0.02	-0.09	-0.02	-0.15	0.23	22.79	21.23
216	12961.0	False	1.03	-0.02	-0.09	-0.08	0.0	-0.06	22.71	21.19
217	12958.0	False	1.03	-0.02	-0.09	-0.02	-0.03	0.05	22.79	21.14
218	12960.0	False	1.03	-0.02	-0.09	-0.08	-0.03	0.06	22.79	21.28
219	12964.0	False	1.03	-0.02	-0.08	0.08	-0.24	0.02	22.79	21.19
220	12949.0	False	1.03	-0.02	-0.09	0.08	-0.06	0.12	22.79	21.23
221	12953.0	False	1.03	-0.02	-0.09	-0.15	0.15	-0.14	22.71	21.14
222	12964.0	False	1.03	-0.03	-0.1	-0.14	0.05	0.21	22.71	21.19
223	12965.0	False	1.03	-0.01	-0.09	-0.05	-0.12	0.11	22.79	21.19
224	12963.0	False	1.03	-0.02	-0.09	-0.03	0.08	-0.03	22.79	21.09
225	12961.0	False	1.03	-0.02	-0.09	-0.11	0.02	-0.17	22.79	21.14
226	12958.0	False	1.03	-0.02	-0.09	-0.03	0.15	0.12	22.88	21.19
227	12952.0	False	1.03	-0.02	-0.09	-0.06	-0.24	-0.08	22.79	21.19
228	12954.0	False	1.03	-0.02	-0.09	-0.06	0.0	-0.05	22.79	21.19
229	12953.0	False	1.03	-0.02	-0.09	-0.02	-0.11	0.11	22.79	21.19
230	12954.0	False	1.03	-0.02	-0.08	0.23	-0.2	0.24	22.79	21.09
231	12961.0	False	1.02	-0.02	-0.09	-0.03	0.11	-0.15	22.79	21.19
232	12955.0	False	1.03	-0.02	-0.09	-0.11	-0.05	0.15	22.79	21.23
233	12950.0	False	1.02	-0.02	-0.09	-0.08	-0.2	-0.05	22.79	21.09
234	12964.0	False	1.03	-0.02	-0.09	-0.02	-0.02	0.08	22.79	21.14
235	12950.0	False	1.03	-0.02	-0.1	-0.12	0.06	-0.03	22.71	21.14
236	12943.0	False	1.03	-0.02	-0.09	0.09	0.06	0.0	22.79	21.14
237	12937.0	False	1.02	-0.02	-0.08	0.03	-0.08	0.11	22.79	21.09
238	11183.0	False	1.03	-0.03	-0.08	0.0	-0.12	-0.06	22.79	21.14
239	12941.0	False	1.02	-0.02	-0.09	0.0	-0.05	0.23	22.71	21.19
240	12941.0	False	1.03	-0.02	-0.1	0.12	0.06	0.12	22.79	21.19
241	12920.0	False	1.03	-0.01	-0.09	0.02	0.02	0.03	22.79	21.14
242	12937.0	False	1.03	-0.02	-0.09	-0.05	0.03	0.18	22.79	21.19
243	12962.0	False	1.03	-0.03	-0.09	0.03	-0.05	-0.02	22.79	21.14
244	12947.0	False	1.03	-0.02	-0.08	-0.03	-0.05	-0.08	22.79	21.19
245	12954.0	False	1.03	-0.02	-0.09	0.06	-0.2	0.02	22.79	21.23
246	12957.0	False	1.02	-0.02	-0.1	-0.05	0.08	-0.03	22.79	21.23
247	12969.0	False	1.03	-0.02	-0.08	0.11	-0.15	-0.15	22.71	21.23
248	12958.0	False	1.02	-0.02	-0.09	0.0	0.05	-0.12	22.79	21.19
249	12967.0	False	1.02	-0.02	-0.09	0.03	-0.05	-0.06	22.79	21.19
250	12966.0	False	1.03	-0.02	-0.09	-0.11	-0.17	-0.11	22.79	21.19
251	12964.0	False	1.03	-0.02	-0.09	-0.2	0.05	-0.06	22.79	21.19
252	12967.0	False	1.03	-0.02	-0.09	0.0	-0.02	-0.06	22.71	21.09
253	12966.0	False	1.03	-0.02	-0.09	-0.09	-0.14	0.26	22.88	21.09
254	12957.0	False	1.03	-0.02	-0.09	-0.18	-0.05	-0.05	22.88	21.19
255	12958.0	False	1.03	-0.02	-0.09	-0.05	-0.05	0.11	22.79	21.19
256	12964.0	False	1.03	-0.02	-0.09	-0.02	-0.08	0.02	22.79	21.19
257	12961.0	False	1.03	-0.02	-0.09	-0.06	0.08	-0.05	22.79	21.19
258	12965.0	False	1.03	-0.02	-0.08	0.03	-0.14	0.08	22.79	21.04
259	12963.0	False	1.03	-0.02	-0.09	0.0	0.12	-0.08	22.79	21.19
260	12967.0	False	1.02	-0.02	-0.09	-0.08	0.03	-0.02	22.79	21.19
261	12964.0	False	1.03	-0.02	-0.09	-0.05	-0.03	0.11	22.79	21.09
262	12972.0	False	1.03	-0.02	-0.09	-0.21	0.0	0.03	22.79	21.14
263	12976.0	False	1.02	-0.02	-0.09	-0.24	0.09	0.03	22.79	21.14
264	12973.0	False	1.03	-0.02	-0.08	0.05	-0.08	-0.08	22.79	21.19
265	12947.0	False	1.03	-0.02	-0.1	-0.05	-0.21	0.05	22.79	21.23
266	12935.0	False	1.03	-0.02	-0.08	-0.06	0.06	-0.17	22.88	21.19
267	12948.0	False	1.03	-0.02	-0.09	0.11	0.09	-0.11	22.79	21.23
268	12947.0	False	1.03	-0.02	-0.09	0.29	0.12	0.03	22.79	21.09
269	12927.0	False	1.03	-0.02	-0.09	-0.14	-0.05	0.03	22.79	21.14
270	12942.0	False	1.03	-0.02	-0.09	-0.18	-0.02	0.17	22.79	21.09
271	12946.0	False	1.03	-0.02	-0.09	-0.02	-0.14	-0.08	22.79	21.19
272	12941.0	False	1.03	-0.02	-0.09	-0.03	-0.05	0.11	22.79	21.19
273	12946.0	False	1.02	-0.02	-0.09	0.12	-0.15	0.09	22.88	21.14
274	12947.0	False	1.03	-0.02	-0.09	-0.12	0.34	0.02	22.71	21.14
275	12934.0	False	1.05	-0.02	-0.09	-0.2	0.0	-0.08	22.79	21.14
276	12927.0	False	1.02	-0.02	-0.09	0.14	0.02	0.15	22.79	21.19
277	12948.0	False	1.02	-0.02	-0.09	0.05	0.03	0.12	22.79	21.19
278	12934.0	False	1.02	-0.02	-0.09	0.03	0.21	0.09	22.79	21.23
279	12931.0	False	1.03	-0.03	-0.09	0.06	-0.03	-0.05	22.79	21.19
280	10996.0	False	1.03	-0.02	-0.09	-0.09	0.14	-0.02	22.79	21.09
281	10997.0	False	1.03	-0.02	-0.09	0.02	-0.11	0.06	22.88	21.14
282	10997.0	False	1.03	-0.02	-0.09	-0.02	0.06	0.11	22.79	21.19
283	10996.0	False	1.03	-0.02	-0.1	-0.17	0.05	-0.03	22.71	21.19
284	10995.0	False	1.03	-0.01	-0.09	0.21	0.02	-0.06	22.79	21.19
285	10997.0	False	1.03	-0.02	-0.1	0.06	-0.02	0.11	22.79	21.14
286	10995.0	False	1.04	-0.02	-0.09	0.05	-0.03	0.03	22.79	21.23
287	10996.0	False	1.02	-0.02	-0.08	0.09	-0.17	0.15	22.71	21.28
288	10998.0	False	1.03	-0.02	-0.09	0.03	0.06	-0.02	22.88	21.14
289	10999.0	False	1.03	-0.03	-0.09	-0.06	0.02	0.02	22.79	21.28
290	10998.0	False	1.03	-0.02	-0.09	-0.08	0.09	0.21	22.88	21.19
291	10999.0	False	1.03	-0.02	-0.1	0.08	0.05	-0.09	22.79	21.04
292	10997.0	False	1.03	-0.02	-0.08	0.02	0.06	-0.05	22.79	21.19
293	10998.0	False	1.03	-0.02	-0.08	0.02	0.05	-0.06	22.79	21.14
294	10997.0	False	1.03	-0.02	-0.09	0.05	0.06	0.08	22.71	21.09
295	10997.0	False	1.02	-0.02	-0.09	0.11	0.09	-0.12	22.71	21.14
296	9413.0	False	1.03	-0.02	-0.09	0.0	-0.17	0.03	22.79	21.19
297	10998.0	False	1.03	-0.02	-0.09	0.02	-0.06	-0.02	22.79	21.14
298	10999.0	False	1.03	-0.02	-0.09	-0.02	0.06	-0.08	22.79	21.33
299	10999.0	False	1.03	-0.02	-0.09	-0.11	0.15	-0.21	22.79	21.09
300	10998.0	False	1.02	-0.03	-0.09	-0.08	0.12	0.02	22.88	21.19
301	10999.0	False	1.03	-0.02	-0.08	-0.02	-0.09	-0.03	22.79	21.19
302	10999.0	False	1.03	-0.02	-0.09	-0.05	-0.15	-0.15	22.79	21.19
303	10999.0	False	1.03	-0.02	-0.09	0.02	0.17	0.03	22.79	21.14
304	10999.0	False	1.03	-0.02	-0.09	0.15	-0.05	-0.12	22.71	21.23
305	10999.0	False	1.02	-0.02	-0.1	0.03	-0.14	0.17	22.79	21.19
306	10823.0	False	1.03	-0.02	-0.08	0.0	-0.17	0.08	22.79	21.14
307	10999.0	False	1.03	-0.02	-0.09	-0.08	0.03	-0.23	22.79	21.14
308	10999.0	False	1.03	-0.02	-0.09	0.02	-0.03	-0.18	22.79	21.14
309	10999.0	False	1.02	-0.02	-0.09	-0.08	-0.23	-0.17	22.71	21.14
310	10999.0	False	1.03	-0.02	-0.09	-0.14	-0.06	0.02	22.79	21.19
311	10999.0	False	1.03	-0.02	-0.09	0.14	-0.15	-0.12	22.79	21.14
312	10999.0	False	1.02	-0.03	-0.09	0.02	-0.02	0.02	22.79	21.09
313	10999.0	False	1.03	-0.02	-0.09	-0.05	0.09	0.08	22.79	21.09
314	10999.0	False	1.03	-0.02	-0.09	-0.03	-0.24	-0.08	22.71	21.19
315	10999.0	False	1.03	-0.02	-0.09	0.08	-0.06	0.17	22.88	21.09
316	10999.0	False	1.03	-0.02	-0.09	0.05	-0.09	0.09	22.79	21.14
317	10999.0	False	1.03	-0.02	-0.08	0.06	0.26	-0.03	22.79	21.14
318	10999.0	False	1.03	-0.02	-0.08	-0.08	0.18	0.14	22.79	21.14
319	10999.0	False	1.02	-0.02	-0.09	-0.12	-0.05	0.0	22.79	21.04
320	10999.0	False	1.03	-0.03	-0.1	-0.12	0.03	0.0	22.79	21.19
321	10999.0	False	1.03	-0.03	-0.09	0.05	0.05	0.09	22.79	21.19
322	10999.0	False	1.03	-0.02	-0.09	0.06	0.12	-0.02	22.79	21.23
323	10999.0	False	1.03	-0.02	-0.08	-0.09	-0.09	0.03	22.79	21.28
324	10998.0	False	1.03	-0.02	-0.09	0.0	0.12	0.21	22.79	21.04
325	10999.0	False	1.03	-0.02	-0.08	0.02	0.08	-0.08	22.79	21.19
326	10998.0	False	1.03	-0.01	-0.08	-0.18	-0.06	0.05	22.79	21.19
327	10998.0	False	1.03	-0.02	-0.09	-0.15	-0.11	0.21	22.79	21.14
328	10998.0	False	1.03	-0.02	-0.08	0.23	0.08	-0.15	22.79	21.19
329	10997.0	False	1.03	-0.02	-0.09	-0.09	0.0	0.09	22.79	21.19
330	10997.0	False	1.03	-0.02	-0.09	-0.09	-0.02	0.02	22.79	21.14
331	10997.0	False	1.02	-0.02	-0.09	-0.02	-0.05	-0.06	22.79	21.14
332	10998.0	False	1.03	-0.02	-0.09	0.02	0.0	0.26	22.79	21.23
333	10997.0	False	1.03	-0.03	-0.09	0.02	-0.03	0.09	22.79	21.19
334	10998.0	False	1.03	-0.02	-0.09	-0.09	0.02	-0.03	22.88	21.19
335	10999.0	False	1.03	-0.02	-0.09	-0.03	0.11	-0.06	22.71	21.19
336	10999.0	False	1.03	-0.02	-0.09	0.05	0.09	0.0	22.79	21.19
337	10735.0	False	1.02	-0.02	-0.09	-0.12	-0.14	0.17	22.79	21.28
338	10998.0	False	1.02	-0.02	-0.08	-0.12	-0.05	-0.03	22.79	21.23
339	10998.0	False	1.03	-0.02	-0.09	-0.15	-0.06	-0.05	22.71	21.23
340	10997.0	False	1.03	-0.02	-0.09	0.0	-0.21	-0.02	22.79	21.19
341	10999.0	False	1.03	-0.03	-0.09	-0.06	0.18	-0.08	22.79	21.19
342	10998.0	False	1.03	-0.02	-0.09	0.18	0.23	0.11	22.79	21.09
343	9766.0	False	1.03	-0.02	-0.1	0.02	-0.05	0.08	22.79	21.14
344	10999.0	False	1.03	-0.02	-0.09	0.0	-0.14	0.05	22.79	21.23
345	10999.0	False	1.03	-0.02	-0.09	0.0	-0.12	0.12	22.79	21.23
346	10998.0	False	1.03	-0.02	-0.09	0.05	0.08	0.12	22.79	21.09
347	10999.0	False	1.03	-0.02	-0.09	-0.12	-0.21	-0.02	22.79	21.23
348	10996.0	False	1.03	-0.03	-0.09	-0.12	0.0	0.02	22.79	21.14
349	10999.0	False	1.03	-0.02	-0.09	-0.06	-0.02	-0.02	22.79	21.23
350	10999.0	False	1.03	-0.02	-0.09	-0.11	-0.06	-0.05	22.79	21.0
351	10999.0	False	1.03	-0.03	-0.1	-0.02	-0.24	0.0	22.79	21.28
352	10998.0	False	1.03	-0.02	-0.09	-0.17	0.08	-0.03	22.79	21.19
353	10998.0	False	1.03	-0.03	-0.09	-0.11	-0.05	-0.15	22.79	21.14
354	10996.0	False	1.03	-0.02	-0.09	-0.03	0.08	-0.15	22.79	21.19
355	10998.0	False	1.03	-0.02	-0.09	0.08	0.18	0.18	22.88	21.19
356	10998.0	False	1.03	-0.02	-0.09	-0.2	0.06	0.06	22.79	21.14
357	9530.0	False	1.03	-0.02	-0.09	-0.18	-0.09	0.17	22.88	21.28
358	9533.0	False	1.02	-0.02	-0.08	-0.21	0.15	-0.12	22.79	21.23
359	9532.0	False	1.03	-0.02	-0.09	0.0	-0.11	0.06	22.79	21.23
360	9534.0	False	1.03	-0.02	-0.09	0.0	0.18	-0.05	22.79	21.19
361	8771.0	False	1.03	-0.02	-0.09	-0.18	-0.14	0.15	22.79	21.23
362	9533.0	False	1.03	-0.02	-0.09	-0.11	0.14	0.18	22.88	21.19
363	9533.0	False	1.03	-0.02	-0.08	-0.26	-0.09	0.02	22.88	21.28
364	9533.0	False	1.03	-0.02	-0.09	-0.05	0.0	-0.09	22.88	21.14
365	9533.0	False	1.03	-0.02	-0.09	0.02	0.12	0.06	22.79	21.19
366	8235.0	False	1.03	-0.02	-0.09	0.03	0.18	0.11	22.79	21.14
367	9534.0	False	1.03	-0.02	-0.09	-0.03	-0.05	0.08	22.79	21.14
368	9532.0	False	1.02	-0.02	-0.1	-0.03	-0.05	-0.02	22.79	21.19
369	9532.0	False	1.03	-0.02	-0.09	-0.08	-0.05	0.0	22.79	21.09
370	9532.0	False	1.02	-0.02	-0.09	-0.2	-0.05	0.2	22.79	21.19
371	9532.0	False	1.03	-0.03	-0.09	0.02	-0.17	0.0	22.79	21.19
372	9531.0	False	1.03	-0.02	-0.09	0.12	0.11	0.18	22.79	21.28
373	9530.0	False	1.02	-0.02	-0.09	0.02	-0.03	-0.05	22.79	21.28
374	9530.0	False	1.02	-0.02	-0.08	0.02	0.09	0.02	22.79	21.19
375	9529.0	False	1.03	-0.03	-0.09	0.05	0.05	0.11	22.79	21.28
376	9529.0	False	1.02	-0.02	-0.09	-0.14	-0.05	0.17	22.79	21.19
377	9529.0	False	1.03	-0.02	-0.09	-0.15	-0.05	0.05	22.79	21.19
378	9530.0	False	1.03	-0.02	-0.09	0.03	0.14	0.23	22.79	21.19
379	9531.0	False	1.02	-0.02	-0.09	0.02	0.12	-0.18	22.79	21.14
380	9530.0	False	1.03	-0.02	-0.09	0.05	0.03	-0.02	22.79	21.23
381	9529.0	False	1.03	-0.02	-0.09	0.05	-0.15	0.0	22.79	21.23
382	9530.0	False	1.03	-0.02	-0.09	-0.09	-0.09	0.08	22.79	21.23
383	9529.0	False	1.03	-0.02	-0.09	0.06	0.14	-0.08	22.79	21.19
384	9529.0	False	1.03	-0.02	-0.09	0.0	0.14	0.05	22.79	21.09
385	9529.0	False	1.03	-0.02	-0.09	-0.2	-0.03	-0.09	22.79	21.19
386	9530.0	False	1.03	-0.03	-0.09	-0.06	-0.11	-0.09	22.79	21.23
387	9530.0	False	1.02	-0.02	-0.09	0.06	-0.05	0.02	22.79	21.23
388	9529.0	False	1.02	-0.02	-0.09	-0.15	-0.17	-0.05	22.79	21.14
389	9530.0	False	1.04	-0.02	-0.09	-0.12	-0.12	-0.03	22.79	21.09
390	9528.0	False	1.03	-0.02	-0.09	0.05	-0.03	0.05	22.79	21.19
391	9529.0	False	1.03	-0.02	-0.08	0.02	-0.02	0.14	22.88	21.09
392	9529.0	False	1.03	-0.03	-0.09	-0.08	-0.09	-0.02	22.88	21.19
393	9529.0	False	1.03	-0.02	-0.1	0.23	0.03	-0.05	22.79	21.09
394	9529.0	False	1.03	-0.02	-0.08	-0.09	-0.11	0.03	22.79	21.19
395	9528.0	False	1.03	-0.02	-0.09	-0.11	0.11	-0.08	22.79	21.23
396	9530.0	False	1.02	-0.02	-0.09	0.03	0.05	-0.15	22.88	21.33
397	9530.0	False	1.03	-0.02	-0.08	-0.17	0.05	-0.03	22.79	21.14
398	9529.0	False	1.03	-0.02	-0.09	0.05	-0.17	-0.2	22.79	21.23
399	9529.0	False	1.02	-0.02	-0.09	0.0	0.08	0.03	22.79	21.23
400	9529.0	False	1.02	-0.02	-0.09	0.0	0.18	0.02	22.88	21.28
401	9529.0	False	1.03	-0.02	-0.09	-0.03	0.11	-0.09	22.79	21.14
402	9528.0	False	1.02	-0.02	-0.09	0.09	0.0	-0.02	22.79	21.19
403	9528.0	False	1.02	-0.02	-0.09	-0.12	-0.11	0.18	22.88	21.14
404	9529.0	False	1.03	-0.02	-0.09	-0.08	-0.11	-0.02	22.79	21.23
405	9528.0	False	1.03	-0.02	-0.1	-0.03	-0.05	0.06	22.79	21.19
406	9529.0	False	1.02	-0.02	-0.09	0.0	0.08	-0.02	22.79	21.23
407	9529.0	False	1.03	-0.03	-0.09	0.14	0.02	-0.09	22.79	21.09
408	9528.0	False	1.03	-0.02	-0.1	0.2	-0.23	-0.03	22.79	21.28
409	9529.0	False	1.03	-0.02	-0.09	-0.08	0.05	0.0	22.79	21.19
410	9529.0	False	1.02	-0.02	-0.09	-0.02	-0.14	0.0	22.79	21.23
411	9529.0	False	1.03	-0.02	-0.09	-0.05	0.08	-0.03	22.79	21.14
412	9530.0	False	1.03	-0.02	-0.09	-0.09	-0.09	0.12	22.79	21.19
413	9529.0	False	1.02	-0.02	-0.09	-0.11	-0.06	0.05	22.79	21.19
414	9528.0	False	1.03	-0.02	-0.08	-0.08	0.0	-0.03	22.79	21.23
415	9527.0	False	1.02	-0.02	-0.09	0.0	-0.15	0.14	22.79	21.19
416	9527.0	False	1.03	-0.02	-0.09	-0.14	0.05	-0.15	22.79	21.19
417	9528.0	False	1.03	-0.02	-0.09	-0.11	-0.03	0.0	22.88	21.23
418	9528.0	False	1.03	-0.02	-0.09	-0.11	0.14	0.02	22.79	21.14
419	9528.0	False	1.03	-0.02	-0.09	-0.12	-0.08	0.02	22.79	21.19
420	9529.0	False	1.02	-0.02	-0.09	-0.05	-0.08	-0.02	22.88	21.19
421	9528.0	False	1.04	-0.02	-0.09	0.0	-0.14	0.15	22.79	21.23
422	9528.0	False	1.03	-0.02	-0.09	-0.08	-0.06	0.38	22.79	21.23
423	9528.0	False	1.03	-0.02	-0.09	0.02	0.2	-0.09	22.79	21.23
424	8156.0	False	1.03	-0.02	-0.09	-0.02	-0.05	-0.06	22.88	21.19
425	9529.0	False	1.03	-0.02	-0.08	-0.14	0.09	-0.02	22.79	21.19
426	9529.0	False	1.03	-0.02	-0.09	-0.05	-0.15	0.05	22.79	21.23
427	9530.0	False	1.03	-0.02	-0.09	0.06	-0.11	-0.17	22.79	21.14
428	9530.0	False	1.03	-0.02	-0.09	-0.02	0.0	0.02	22.79	21.23
429	9528.0	False	1.03	-0.02	-0.09	-0.11	0.09	0.0	22.79	21.23
430	9529.0	False	1.03	-0.02	-0.09	-0.02	0.09	-0.08	22.88	21.28
431	9530.0	False	1.02	-0.02	-0.08	-0.02	0.03	0.05	22.79	21.19
432	9530.0	False	1.03	-0.02	-0.08	-0.06	0.14	-0.2	22.79	21.14
433	9529.0	False	1.03	-0.01	-0.09	0.03	-0.03	0.14	22.79	21.28
434	9530.0	False	1.03	-0.02	-0.09	0.09	0.11	0.06	22.79	21.23
435	9530.0	False	1.03	-0.03	-0.09	0.24	0.05	0.15	22.79	21.19
436	9529.0	False	1.03	-0.02	-0.09	0.02	0.03	-0.02	22.79	21.33
437	9529.0	False	1.02	-0.02	-0.09	0.11	0.11	-0.05	22.79	21.19
438	9529.0	False	1.03	-0.02	-0.08	0.03	-0.09	-0.05	22.79	21.28
439	9529.0	False	1.02	-0.02	-0.09	-0.12	-0.26	0.03	22.79	21.14
440	9529.0	False	1.02	-0.02	-0.08	0.11	0.02	0.14	22.79	21.19
441	8359.0	False	1.03	-0.02	-0.09	-0.24	0.03	-0.08	22.88	21.14
442	8359.0	False	1.03	-0.02	-0.09	-0.05	0.05	0.15	22.88	21.19
443	8359.0	False	1.02	-0.02	-0.1	-0.03	0.02	-0.05	22.79	21.14
444	8359.0	False	1.03	-0.02	-0.09	0.11	-0.11	0.21	22.79	21.14
445	8361.0	False	1.02	-0.02	-0.09	0.02	-0.09	0.21	22.88	21.09
446	8361.0	False	1.03	-0.02	-0.09	0.17	0.11	0.06	22.79	21.19
447	8361.0	False	1.03	-0.02	-0.08	0.08	0.15	0.03	22.88	21.19
448	8361.0	False	1.03	-0.02	-0.09	0.17	0.14	-0.11	22.88	21.19
449	8362.0	False	1.03	-0.02	-0.09	-0.03	-0.02	-0.12	22.71	21.28
450	8361.0	False	1.02	-0.02	-0.08	-0.02	0.17	0.14	22.79	21.28
451	7358.0	False	1.03	-0.02	-0.09	-0.17	-0.14	0.03	22.88	21.19
452	8362.0	False	1.03	-0.02	-0.1	0.02	-0.11	0.11	22.88	21.19
453	8361.0	False	1.03	-0.02	-0.08	-0.08	-0.06	0.09	22.79	21.23
454	8362.0	False	1.03	-0.02	-0.09	-0.02	-0.09	0.02	22.79	21.14
455	8361.0	False	1.03	-0.02	-0.09	0.08	0.09	-0.08	22.88	21.28
456	8360.0	False	1.03	-0.02	-0.09	-0.05	0.12	-0.03	22.88	21.19
457	8360.0	False	1.03	-0.02	-0.08	-0.14	-0.05	0.02	22.79	21.28
458	8361.0	False	1.03	-0.02	-0.1	-0.18	-0.08	-0.09	22.79	21.28
459	8360.0	False	1.03	-0.02	-0.09	-0.09	0.05	-0.26	22.79	21.28
460	8360.0	False	1.03	-0.02	-0.09	0.11	-0.09	-0.15	22.79	21.23
461	8362.0	False	1.03	-0.02	-0.09	0.03	0.11	0.09	22.79	21.14
462	8362.0	False	1.03	-0.02	-0.09	0.0	0.06	-0.11	22.88	21.19
463	8362.0	False	1.03	-0.02	-0.09	-0.11	-0.09	-0.12	22.88	21.19
464	8361.0	False	1.03	-0.03	-0.08	0.08	0.02	-0.06	22.79	21.23
465	8362.0	False	1.03	-0.02	-0.09	0.12	0.08	-0.06	22.88	21.23
466	8362.0	False	1.03	-0.02	-0.09	0.05	-0.15	-0.05	22.88	21.33
467	8362.0	False	1.03	-0.02	-0.09	-0.09	-0.11	0.08	22.88	21.19
468	8363.0	False	1.04	-0.02	-0.09	0.03	0.02	0.0	22.79	21.23
469	8363.0	False	1.03	-0.02	-0.09	-0.14	0.09	0.08	22.79	21.09
470	8367.0	False	1.02	-0.02	-0.09	-0.14	-0.11	0.15	22.79	21.33
471	8366.0	False	1.03	-0.02	-0.09	-0.02	0.03	-0.15	22.79	21.19
472	8366.0	False	1.03	-0.02	-0.09	0.08	-0.03	-0.02	22.88	21.23
473	8367.0	False	1.02	-0.02	-0.08	-0.15	-0.11	0.26	22.88	21.19
474	8366.0	False	1.04	-0.02	-0.09	-0.26	-0.09	-0.17	22.88	21.23
475	8365.0	False	1.03	-0.02	-0.1	-0.2	0.02	0.06	22.88	21.19
476	8367.0	False	1.03	-0.02	-0.09	-0.06	0.06	-0.11	22.79	21.19
477	8368.0	False	1.03	-0.02	-0.09	-0.03	0.06	-0.09	22.79	21.23
478	8369.0	False	1.03	-0.02	-0.09	0.11	0.03	-0.03	22.88	21.14
479	8368.0	False	1.03	-0.02	-0.08	0.14	0.11	-0.05	22.88	21.23
480	8370.0	False	1.03	-0.02	-0.09	-0.02	-0.08	-0.09	22.79	21.23
481	8370.0	False	1.03	-0.02	-0.09	0.02	0.05	-0.08	22.88	21.19
482	8370.0	False	1.03	-0.02	-0.09	-0.05	0.11	-0.02	22.79	21.28
483	8369.0	False	1.03	-0.02	-0.08	-0.15	0.0	-0.03	22.88	21.23
484	8369.0	False	1.03	-0.02	-0.09	0.06	0.12	0.03	22.88	21.19
485	8364.0	False	1.03	-0.02	-0.09	-0.08	-0.09	0.05	22.79	21.19
486	8367.0	False	1.03	-0.02	-0.09	0.02	-0.03	-0.06	22.79	21.23
487	8364.0	False	1.03	-0.02	-0.08	-0.11	0.14	0.09	22.79	21.14
488	8363.0	False	1.03	-0.02	-0.08	-0.02	0.0	-0.02	22.88	21.19
489	8362.0	False	1.03	-0.02	-0.09	-0.06	0.17	-0.12	22.79	21.19
490	8363.0	False	1.03	-0.02	-0.08	-0.02	0.15	-0.11	22.88	21.23
491	8361.0	False	1.03	-0.02	-0.09	-0.02	-0.06	-0.11	22.79	21.28
492	8360.0	False	1.03	-0.02	-0.09	0.2	0.05	0.0	22.79	21.19
493	8361.0	False	1.03	-0.02	-0.1	0.06	-0.05	-0.05	22.79	21.14
494	8362.0	False	1.03	-0.02	-0.09	0.03	-0.03	-0.08	22.88	21.14
495	6488.0	False	1.03	-0.02	-0.09	0.15	0.12	-0.11	22.79	21.23
496	8360.0	False	1.03	-0.02	-0.08	-0.26	-0.02	0.09	22.88	21.19
497	8361.0	False	1.03	-0.03	-0.09	-0.09	-0.11	-0.09	22.88	21.23
498	8361.0	False	1.03	-0.03	-0.09	-0.09	0.02	0.12	22.79	21.09
499	8361.0	False	1.02	-0.02	-0.09	0.12	0.18	0.17	22.79	21.19
500	8363.0	False	1.03	-0.02	-0.09	0.08	0.08	-0.09	22.79	21.19
501	8362.0	False	1.03	-0.02	-0.09	-0.23	0.06	-0.12	22.88	21.14
502	8362.0	False	1.03	-0.02	-0.1	-0.05	0.06	-0.18	22.79	21.28
503	8361.0	False	1.03	-0.02	-0.09	-0.02	0.08	0.21	22.79	21.19
504	8359.0	False	1.03	-0.02	-0.09	-0.05	0.05	-0.03	22.79	21.19
505	8362.0	False	1.03	-0.02	-0.09	0.0	0.11	0.05	22.79	21.19
506	8360.0	False	1.03	-0.02	-0.09	-0.14	-0.06	0.05	22.79	21.14
507	8360.0	False	1.03	-0.02	-0.09	0.05	-0.2	0.0	22.88	21.14
508	8360.0	False	1.02	-0.02	-0.09	0.06	0.17	-0.09	22.79	21.19
509	8361.0	False	1.02	-0.03	-0.09	-0.09	0.06	0.0	22.88	21.19
510	8361.0	False	1.02	-0.02	-0.08	-0.11	0.08	-0.24	22.88	21.19
511	8362.0	False	1.03	-0.02	-0.09	-0.15	-0.05	0.0	22.79	21.23
512	8362.0	False	1.03	-0.02	-0.09	-0.11	-0.02	-0.14	22.79	21.23
513	8366.0	False	1.03	-0.02	-0.09	0.03	-0.09	-0.14	22.79	21.19
514	8367.0	False	1.03	-0.02	-0.09	-0.29	0.05	-0.08	22.88	21.19
515	8367.0	False	1.03	-0.02	-0.08	0.03	-0.09	0.09	22.79	21.09
516	8366.0	False	1.03	-0.02	-0.09	0.02	0.05	-0.03	22.79	21.19
517	8367.0	False	1.03	-0.02	-0.09	-0.05	0.08	0.02	22.88	21.14
518	8366.0	False	1.02	-0.02	-0.08	-0.03	-0.24	-0.09	22.79	21.23
519	8367.0	False	1.03	-0.02	-0.09	-0.17	0.15	0.05	22.88	21.19
520	8365.0	False	1.02	-0.02	-0.1	-0.02	-0.14	0.17	22.79	21.19
521	8368.0	False	1.02	-0.02	-0.09	0.03	0.0	-0.05	22.88	21.19
522	7455.0	False	1.03	-0.02	-0.09	-0.08	0.02	-0.09	22.79	21.19
523	7456.0	False	1.04	-0.02	-0.08	0.0	-0.06	0.15	22.79	21.23
524	7455.0	False	1.03	-0.02	-0.09	-0.09	-0.12	-0.03	22.88	21.09
525	7457.0	False	1.03	-0.02	-0.09	0.02	0.06	0.09	22.88	21.04
526	7460.0	False	1.03	-0.02	-0.1	0.06	0.06	0.0	22.88	21.23
527	7454.0	False	1.02	-0.02	-0.08	0.09	-0.14	-0.06	22.88	21.19
528	7456.0	False	1.03	-0.02	-0.09	-0.11	-0.05	0.09	22.79	21.14
529	7460.0	False	1.02	-0.02	-0.09	-0.03	-0.03	0.05	22.88	21.23
530	7460.0	False	1.02	-0.02	-0.09	-0.18	0.14	-0.14	22.88	21.19
531	7462.0	False	1.03	-0.02	-0.09	-0.24	0.11	0.09	22.88	21.19
532	7467.0	False	1.03	-0.02	-0.09	-0.11	0.08	-0.09	22.88	21.19
533	7468.0	False	1.02	-0.02	-0.09	-0.05	0.29	0.14	22.88	21.14
534	7466.0	False	1.02	-0.02	-0.09	0.03	-0.06	0.03	22.88	21.33
535	7468.0	False	1.03	-0.02	-0.09	0.05	0.05	-0.05	22.88	21.19
536	7466.0	False	1.03	-0.02	-0.08	-0.06	0.08	-0.05	22.88	21.28
537	7466.0	False	1.03	-0.02	-0.09	0.15	-0.08	0.06	22.79	21.19
538	7476.0	False	1.03	-0.02	-0.09	-0.12	0.06	0.0	22.79	21.28
539	7469.0	False	1.02	-0.02	-0.1	0.0	0.0	-0.03	22.88	21.23
540	7470.0	False	1.03	-0.02	-0.1	0.0	0.05	0.12	22.88	21.14
541	7470.0	False	1.03	-0.02	-0.09	0.03	-0.06	0.05	22.79	21.23
542	7462.0	False	1.03	-0.02	-0.08	0.08	0.09	-0.14	22.88	21.23
543	7458.0	False	1.03	-0.03	-0.09	-0.06	0.09	0.09	22.88	21.19
544	7459.0	False	1.03	-0.03	-0.09	-0.09	0.17	-0.02	22.79	21.23
545	7455.0	False	1.03	-0.03	-0.09	-0.03	-0.03	-0.11	22.88	21.19
546	7457.0	False	1.03	-0.02	-0.08	0.15	0.03	-0.05	22.88	21.23
547	7451.0	False	1.03	-0.02	-0.09	0.02	0.11	0.15	22.88	21.19
548	7450.0	False	1.03	-0.02	-0.08	-0.05	-0.12	-0.05	22.88	21.14
549	7452.0	False	1.02	-0.02	-0.09	0.02	-0.15	-0.03	22.79	21.14
550	7456.0	False	1.03	-0.02	-0.09	0.17	-0.11	-0.03	22.79	21.28
551	7456.0	False	1.03	-0.02	-0.09	-0.02	-0.02	-0.12	22.79	21.19
552	7454.0	False	1.03	-0.02	-0.09	0.11	-0.02	0.06	22.79	21.23
553	7463.0	False	1.02	-0.02	-0.09	-0.03	0.2	0.08	22.79	21.19
554	7454.0	False	1.03	-0.02	-0.08	0.0	-0.08	-0.11	22.79	21.14
555	7456.0	False	1.03	-0.02	-0.1	-0.02	-0.06	-0.03	22.79	21.19
556	7457.0	False	1.03	-0.02	-0.1	-0.2	-0.11	-0.02	22.79	21.14
557	7456.0	False	1.03	-0.03	-0.08	0.02	-0.08	-0.08	22.79	21.14
558	7457.0	False	1.03	-0.02	-0.09	-0.26	0.02	0.06	22.88	21.28
559	7460.0	False	1.02	-0.02	-0.1	-0.02	-0.09	0.15	22.79	21.19
560	7455.0	False	1.03	-0.02	-0.09	-0.09	-0.09	-0.06	22.79	21.19
561	7457.0	False	1.03	-0.02	-0.09	-0.08	0.12	0.06	22.79	21.14
562	7459.0	False	1.02	-0.03	-0.09	0.03	-0.02	-0.18	22.79	21.23
563	7465.0	False	1.03	-0.02	-0.09	-0.05	-0.2	-0.02	22.88	21.19
564	7466.0	False	1.03	-0.01	-0.09	-0.12	-0.05	-0.08	22.79	21.23
565	7470.0	False	1.03	-0.02	-0.09	-0.06	0.08	-0.15	22.88	21.28
566	7472.0	False	1.02	-0.02	-0.1	0.05	-0.03	-0.15	22.88	21.28
567	7479.0	False	1.02	-0.03	-0.09	-0.02	0.03	0.06	22.79	21.09
568	7475.0	False	1.03	-0.02	-0.09	0.05	-0.05	0.09	22.88	21.14
569	7481.0	False	1.03	-0.03	-0.09	-0.06	-0.05	0.15	22.79	21.23
570	7481.0	False	1.02	-0.02	-0.09	-0.08	0.02	-0.06	22.79	21.33
571	7483.0	False	1.03	-0.02	-0.08	0.17	0.06	-0.08	22.79	21.28
572	7485.0	False	1.03	-0.02	-0.09	-0.06	-0.03	-0.14	22.88	21.33
573	7485.0	False	1.02	-0.03	-0.09	0.08	-0.14	-0.15	22.79	21.14
574	7491.0	False	1.02	-0.02	-0.09	0.02	0.2	0.17	22.88	21.19
575	7479.0	False	1.03	-0.02	-0.09	-0.18	-0.03	-0.08	22.88	21.28
576	7480.0	False	1.03	-0.02	-0.08	0.05	0.03	0.21	22.88	21.28
577	7474.0	False	1.03	-0.02	-0.09	-0.03	-0.03	0.17	22.79	21.23
578	7481.0	False	1.03	-0.02	-0.09	0.03	-0.24	0.09	22.88	21.28
579	7474.0	False	1.03	-0.03	-0.09	-0.11	0.05	0.0	22.79	21.19
580	7461.0	False	1.03	-0.02	-0.08	-0.06	0.0	0.14	22.88	21.23
581	7456.0	False	1.03	-0.03	-0.09	0.03	-0.12	0.02	22.88	21.23
582	7454.0	False	1.02	-0.03	-0.09	-0.18	0.0	0.05	22.79	21.19
583	7458.0	False	1.03	-0.02	-0.08	-0.12	0.03	-0.05	22.79	21.28
584	7459.0	False	1.02	-0.02	-0.09	0.06	-0.2	0.15	22.79	21.28
585	7459.0	False	1.03	-0.02	-0.08	0.06	0.24	-0.03	22.79	21.23
586	7468.0	False	1.03	-0.02	-0.1	-0.12	0.05	-0.03	22.79	21.28
587	7472.0	False	1.03	-0.02	-0.09	0.09	-0.03	0.11	22.79	21.33
588	7485.0	False	1.03	-0.02	-0.09	-0.06	-0.05	-0.18	22.88	21.19
589	7126.0	False	1.03	-0.02	-0.09	0.18	0.08	-0.11	22.88	21.23
590	7464.0	False	1.03	-0.02	-0.08	-0.06	0.09	-0.11	22.88	21.14
591	7467.0	False	1.02	-0.02	-0.09	0.02	-0.02	0.12	22.88	21.14
592	7478.0	False	1.03	-0.02	-0.09	0.12	0.0	0.06	22.79	21.23
593	7464.0	False	1.04	-0.02	-0.09	0.12	0.02	-0.08	22.88	21.14
594	7476.0	False	1.03	-0.02	-0.09	-0.11	-0.21	-0.02	22.79	21.19
595	7457.0	False	1.03	-0.02	-0.09	0.08	-0.09	-0.05	22.79	21.19
